date,user_id,state,is_active_today,is_engaged_today,next_day_active,next_day_state
2025-12-01,u001,inactive,0,0,0,inactive
2025-12-02,u001,inactive,0,0,0,inactive
2025-12-03,u001,inactive,0,0,0,inactive
2025-12-04,u001,inactive,0,0,0,inactive
2025-12-05,u001,inactive,0,0,0,inactive
2025-12-06,u001,inactive,0,0,1,view_only
2025-12-07,u001,view_only,1,0,0,inactive
2025-12-08,u001,inactive,0,0,0,inactive
2025-12-09,u001,inactive,0,0,0,inactive
2025-12-10,u001,inactive,0,0,0,inactive
2025-12-11,u001,inactive,0,0,0,inactive
2025-12-12,u001,inactive,0,0,1,engaged
2025-12-13,u001,engaged,1,1,0,inactive
2025-12-14,u001,inactive,0,0,0,inactive
2025-12-15,u001,inactive,0,0,0,inactive
2025-12-16,u001,inactive,0,0,1,view_only
2025-12-17,u001,view_only,1,0,1,engaged
2025-12-18,u001,engaged,1,1,0,inactive
2025-12-19,u001,inactive,0,0,0,inactive
2025-12-20,u001,inactive,0,0,0,inactive
2025-12-01,u002,inactive,0,0,0,inactive
2025-12-02,u002,inactive,0,0,0,inactive
2025-12-03,u002,inactive,0,0,0,inactive
2025-12-04,u002,inactive,0,0,0,inactive
2025-12-05,u002,inactive,0,0,0,inactive
2025-12-06,u002,inactive,0,0,0,inactive
2025-12-07,u002,inactive,0,0,0,inactive
2025-12-08,u002,inactive,0,0,1,engaged
2025-12-09,u002,engaged,1,1,0,inactive
2025-12-10,u002,inactive,0,0,0,inactive
2025-12-11,u002,inactive,0,0,1,view_only
2025-12-12,u002,view_only,1,0,0,inactive
2025-12-13,u002,inactive,0,0,0,inactive
2025-12-14,u002,inactive,0,0,0,inactive
2025-12-15,u002,inactive,0,0,0,inactive
2025-12-16,u002,inactive,0,0,0,inactive
2025-12-17,u002,inactive,0,0,0,inactive
2025-12-18,u002,inactive,0,0,0,inactive
2025-12-19,u002,inactive,0,0,0,inactive
2025-12-20,u002,inactive,0,0,0,inactive
2025-12-01,u003,inactive,0,0,0,inactive
2025-12-02,u003,inactive,0,0,0,inactive
2025-12-03,u003,inactive,0,0,0,inactive
2025-12-04,u003,inactive,0,0,1,engaged
2025-12-05,u003,engaged,1,1,0,inactive
2025-12-06,u003,inactive,0,0,0,inactive
2025-12-07,u003,inactive,0,0,0,inactive
2025-12-08,u003,inactive,0,0,0,inactive
2025-12-09,u003,inactive,0,0,0,inactive
2025-12-10,u003,inactive,0,0,1,engaged
2025-12-11,u003,engaged,1,1,0,inactive
2025-12-12,u003,inactive,0,0,0,inactive
2025-12-13,u003,inactive,0,0,0,inactive
2025-12-14,u003,inactive,0,0,0,inactive
2025-12-15,u003,inactive,0,0,0,inactive
2025-12-16,u003,inactive,0,0,0,inactive
2025-12-17,u003,inactive,0,0,1,engaged
2025-12-18,u003,engaged,1,1,0,inactive
2025-12-19,u003,inactive,0,0,1,view_only
2025-12-20,u003,view_only,1,0,0,inactive
2025-12-01,u004,inactive,0,0,0,inactive
2025-12-02,u004,inactive,0,0,0,inactive
2025-12-03,u004,inactive,0,0,1,engaged
2025-12-04,u004,engaged,1,1,0,inactive
2025-12-05,u004,inactive,0,0,1,view_only
2025-12-06,u004,view_only,1,0,0,inactive
2025-12-07,u004,inactive,0,0,0,inactive
2025-12-08,u004,inactive,0,0,0,inactive
2025-12-09,u004,inactive,0,0,0,inactive
2025-12-10,u004,inactive,0,0,0,inactive
2025-12-11,u004,inactive,0,0,0,inactive
2025-12-12,u004,inactive,0,0,0,inactive
2025-12-13,u004,inactive,0,0,0,inactive
2025-12-14,u004,inactive,0,0,0,inactive
2025-12-15,u004,inactive,0,0,0,inactive
2025-12-16,u004,inactive,0,0,0,inactive
2025-12-17,u004,inactive,0,0,0,inactive
2025-12-18,u004,inactive,0,0,0,inactive
2025-12-19,u004,inactive,0,0,0,inactive
2025-12-20,u004,inactive,0,0,0,inactive
2025-12-01,u005,engaged,1,1,0,inactive
2025-12-02,u005,inactive,0,0,0,inactive
2025-12-03,u005,inactive,0,0,0,inactive
2025-12-04,u005,inactive,0,0,0,inactive
2025-12-05,u005,inactive,0,0,0,inactive
2025-12-06,u005,inactive,0,0,0,inactive
2025-12-07,u005,inactive,0,0,0,inactive
2025-12-08,u005,inactive,0,0,0,inactive
2025-12-09,u005,inactive,0,0,0,inactive
2025-12-10,u005,inactive,0,0,0,inactive
2025-12-11,u005,inactive,0,0,0,inactive
2025-12-12,u005,inactive,0,0,0,inactive
2025-12-13,u005,inactive,0,0,0,inactive
2025-12-14,u005,inactive,0,0,0,inactive
2025-12-15,u005,inactive,0,0,0,inactive
2025-12-16,u005,inactive,0,0,0,inactive
2025-12-17,u005,inactive,0,0,0,inactive
2025-12-18,u005,inactive,0,0,0,inactive
2025-12-19,u005,inactive,0,0,0,inactive
2025-12-20,u005,inactive,0,0,1,engaged
2025-12-01,u006,inactive,0,0,0,inactive
2025-12-02,u006,inactive,0,0,1,engaged
2025-12-03,u006,engaged,1,1,1,view_only
2025-12-04,u006,view_only,1,0,0,inactive
2025-12-05,u006,inactive,0,0,0,inactive
2025-12-06,u006,inactive,0,0,0,inactive
2025-12-07,u006,inactive,0,0,0,inactive
2025-12-08,u006,inactive,0,0,0,inactive
2025-12-09,u006,inactive,0,0,0,inactive
2025-12-10,u006,inactive,0,0,0,inactive
2025-12-11,u006,inactive,0,0,0,inactive
2025-12-12,u006,inactive,0,0,0,inactive
2025-12-13,u006,inactive,0,0,0,inactive
2025-12-14,u006,inactive,0,0,1,view_only
2025-12-15,u006,view_only,1,0,0,inactive
2025-12-16,u006,inactive,0,0,0,inactive
2025-12-17,u006,inactive,0,0,0,inactive
2025-12-18,u006,inactive,0,0,0,inactive
2025-12-19,u006,inactive,0,0,0,inactive
2025-12-20,u006,inactive,0,0,0,inactive
2025-12-01,u007,inactive,0,0,0,inactive
2025-12-02,u007,inactive,0,0,0,inactive
2025-12-03,u007,inactive,0,0,0,inactive
2025-12-04,u007,inactive,0,0,0,inactive
2025-12-05,u007,inactive,0,0,1,engaged
2025-12-06,u007,engaged,1,1,0,inactive
2025-12-07,u007,inactive,0,0,0,inactive
2025-12-08,u007,inactive,0,0,0,inactive
2025-12-09,u007,inactive,0,0,0,inactive
2025-12-10,u007,inactive,0,0,0,inactive
2025-12-11,u007,inactive,0,0,0,inactive
2025-12-12,u007,inactive,0,0,1,engaged
2025-12-13,u007,engaged,1,1,1,view_only
2025-12-14,u007,view_only,1,0,0,inactive
2025-12-15,u007,inactive,0,0,0,inactive
2025-12-16,u007,inactive,0,0,0,inactive
2025-12-17,u007,inactive,0,0,0,inactive
2025-12-18,u007,inactive,0,0,0,inactive
2025-12-19,u007,inactive,0,0,1,engaged
2025-12-20,u007,engaged,1,1,1,engaged
2025-12-01,u008,engaged,1,1,1,view_only
2025-12-02,u008,view_only,1,0,0,inactive
2025-12-03,u008,inactive,0,0,0,inactive
2025-12-04,u008,inactive,0,0,0,inactive
2025-12-05,u008,inactive,0,0,0,inactive
2025-12-06,u008,inactive,0,0,0,inactive
2025-12-07,u008,inactive,0,0,0,inactive
2025-12-08,u008,inactive,0,0,0,inactive
2025-12-09,u008,inactive,0,0,0,inactive
2025-12-10,u008,inactive,0,0,0,inactive
2025-12-11,u008,inactive,0,0,1,engaged
2025-12-12,u008,engaged,1,1,0,inactive
2025-12-13,u008,inactive,0,0,1,engaged
2025-12-14,u008,engaged,1,1,0,inactive
2025-12-15,u008,inactive,0,0,0,inactive
2025-12-16,u008,inactive,0,0,0,inactive
2025-12-17,u008,inactive,0,0,0,inactive
2025-12-18,u008,inactive,0,0,0,inactive
2025-12-19,u008,inactive,0,0,0,inactive
2025-12-20,u008,inactive,0,0,0,inactive
2025-12-01,u009,inactive,0,0,0,inactive
2025-12-02,u009,inactive,0,0,0,inactive
2025-12-03,u009,inactive,0,0,0,inactive
2025-12-04,u009,inactive,0,0,0,inactive
2025-12-05,u009,inactive,0,0,0,inactive
2025-12-06,u009,inactive,0,0,0,inactive
2025-12-07,u009,inactive,0,0,0,inactive
2025-12-08,u009,inactive,0,0,1,view_only
2025-12-09,u009,view_only,1,0,0,inactive
2025-12-10,u009,inactive,0,0,0,inactive
2025-12-11,u009,inactive,0,0,0,inactive
2025-12-12,u009,inactive,0,0,0,inactive
2025-12-13,u009,inactive,0,0,0,inactive
2025-12-14,u009,inactive,0,0,0,inactive
2025-12-15,u009,inactive,0,0,0,inactive
2025-12-16,u009,inactive,0,0,0,inactive
2025-12-17,u009,inactive,0,0,0,inactive
2025-12-18,u009,inactive,0,0,0,inactive
2025-12-19,u009,inactive,0,0,0,inactive
2025-12-20,u009,inactive,0,0,0,inactive
2025-12-01,u010,engaged,1,1,0,inactive
2025-12-02,u010,inactive,0,0,0,inactive
2025-12-03,u010,inactive,0,0,0,inactive
2025-12-04,u010,inactive,0,0,0,inactive
2025-12-05,u010,inactive,0,0,0,inactive
2025-12-06,u010,inactive,0,0,0,inactive
2025-12-07,u010,inactive,0,0,0,inactive
2025-12-08,u010,inactive,0,0,0,inactive
2025-12-09,u010,inactive,0,0,0,inactive
2025-12-10,u010,inactive,0,0,0,inactive
2025-12-11,u010,inactive,0,0,0,inactive
2025-12-12,u010,inactive,0,0,0,inactive
2025-12-13,u010,inactive,0,0,1,engaged
2025-12-14,u010,engaged,1,1,1,view_only
2025-12-15,u010,view_only,1,0,0,inactive
2025-12-16,u010,inactive,0,0,0,inactive
2025-12-17,u010,inactive,0,0,1,engaged
2025-12-18,u010,engaged,1,1,1,view_only
2025-12-19,u010,view_only,1,0,0,inactive
2025-12-20,u010,inactive,0,0,0,inactive
2025-12-01,u011,inactive,0,0,0,inactive
2025-12-02,u011,inactive,0,0,1,engaged
2025-12-03,u011,engaged,1,1,0,inactive
2025-12-04,u011,inactive,0,0,0,inactive
2025-12-05,u011,inactive,0,0,0,inactive
2025-12-06,u011,inactive,0,0,0,inactive
2025-12-07,u011,inactive,0,0,1,engaged
2025-12-08,u011,engaged,1,1,1,view_only
2025-12-09,u011,view_only,1,0,0,inactive
2025-12-10,u011,inactive,0,0,0,inactive
2025-12-11,u011,inactive,0,0,0,inactive
2025-12-12,u011,inactive,0,0,0,inactive
2025-12-13,u011,inactive,0,0,1,engaged
2025-12-14,u011,engaged,1,1,0,inactive
2025-12-15,u011,inactive,0,0,0,inactive
2025-12-16,u011,inactive,0,0,0,inactive
2025-12-17,u011,inactive,0,0,1,engaged
2025-12-18,u011,engaged,1,1,0,inactive
2025-12-19,u011,inactive,0,0,0,inactive
2025-12-20,u011,inactive,0,0,0,inactive
2025-12-01,u012,engaged,1,1,0,inactive
2025-12-02,u012,inactive,0,0,0,inactive
2025-12-03,u012,inactive,0,0,0,inactive
2025-12-04,u012,inactive,0,0,0,inactive
2025-12-05,u012,inactive,0,0,0,inactive
2025-12-06,u012,inactive,0,0,0,inactive
2025-12-07,u012,inactive,0,0,0,inactive
2025-12-08,u012,inactive,0,0,1,engaged
2025-12-09,u012,engaged,1,1,0,inactive
2025-12-10,u012,inactive,0,0,1,view_only
2025-12-11,u012,view_only,1,0,0,inactive
2025-12-12,u012,inactive,0,0,0,inactive
2025-12-13,u012,inactive,0,0,0,inactive
2025-12-14,u012,inactive,0,0,0,inactive
2025-12-15,u012,inactive,0,0,0,inactive
2025-12-16,u012,inactive,0,0,0,inactive
2025-12-17,u012,inactive,0,0,0,inactive
2025-12-18,u012,inactive,0,0,0,inactive
2025-12-19,u012,inactive,0,0,0,inactive
2025-12-20,u012,inactive,0,0,0,inactive
2025-12-01,u013,view_only,1,0,0,inactive
2025-12-02,u013,inactive,0,0,0,inactive
2025-12-03,u013,inactive,0,0,0,inactive
2025-12-04,u013,inactive,0,0,0,inactive
2025-12-05,u013,inactive,0,0,0,inactive
2025-12-06,u013,inactive,0,0,1,engaged
2025-12-07,u013,engaged,1,1,0,inactive
2025-12-08,u013,inactive,0,0,0,inactive
2025-12-09,u013,inactive,0,0,0,inactive
2025-12-10,u013,inactive,0,0,0,inactive
2025-12-11,u013,inactive,0,0,1,engaged
2025-12-12,u013,engaged,1,1,0,inactive
2025-12-13,u013,inactive,0,0,0,inactive
2025-12-14,u013,inactive,0,0,0,inactive
2025-12-15,u013,inactive,0,0,1,view_only
2025-12-16,u013,view_only,1,0,1,view_only
2025-12-17,u013,view_only,1,0,1,view_only
2025-12-18,u013,view_only,1,0,0,inactive
2025-12-19,u013,inactive,0,0,0,inactive
2025-12-20,u013,inactive,0,0,1,engaged
2025-12-01,u014,inactive,0,0,0,inactive
2025-12-02,u014,inactive,0,0,0,inactive
2025-12-03,u014,inactive,0,0,0,inactive
2025-12-04,u014,inactive,0,0,0,inactive
2025-12-05,u014,inactive,0,0,0,inactive
2025-12-06,u014,inactive,0,0,0,inactive
2025-12-07,u014,inactive,0,0,0,inactive
2025-12-08,u014,inactive,0,0,0,inactive
2025-12-09,u014,inactive,0,0,0,inactive
2025-12-10,u014,inactive,0,0,0,inactive
2025-12-11,u014,inactive,0,0,0,inactive
2025-12-12,u014,inactive,0,0,0,inactive
2025-12-13,u014,inactive,0,0,1,engaged
2025-12-14,u014,engaged,1,1,0,inactive
2025-12-15,u014,inactive,0,0,1,engaged
2025-12-16,u014,engaged,1,1,0,inactive
2025-12-17,u014,inactive,0,0,0,inactive
2025-12-18,u014,inactive,0,0,0,inactive
2025-12-19,u014,inactive,0,0,0,inactive
2025-12-20,u014,inactive,0,0,0,inactive
2025-12-01,u015,inactive,0,0,0,inactive
2025-12-02,u015,inactive,0,0,0,inactive
2025-12-03,u015,inactive,0,0,0,inactive
2025-12-04,u015,inactive,0,0,0,inactive
2025-12-05,u015,inactive,0,0,0,inactive
2025-12-06,u015,inactive,0,0,0,inactive
2025-12-07,u015,inactive,0,0,0,inactive
2025-12-08,u015,inactive,0,0,0,inactive
2025-12-09,u015,inactive,0,0,1,view_only
2025-12-10,u015,view_only,1,0,0,inactive
2025-12-11,u015,inactive,0,0,0,inactive
2025-12-12,u015,inactive,0,0,0,inactive
2025-12-13,u015,inactive,0,0,0,inactive
2025-12-14,u015,inactive,0,0,0,inactive
2025-12-15,u015,inactive,0,0,0,inactive
2025-12-16,u015,inactive,0,0,0,inactive
2025-12-17,u015,inactive,0,0,0,inactive
2025-12-18,u015,inactive,0,0,0,inactive
2025-12-19,u015,inactive,0,0,0,inactive
2025-12-20,u015,inactive,0,0,0,inactive
2025-12-01,u016,inactive,0,0,0,inactive
2025-12-02,u016,inactive,0,0,0,inactive
2025-12-03,u016,inactive,0,0,0,inactive
2025-12-04,u016,inactive,0,0,0,inactive
2025-12-05,u016,inactive,0,0,0,inactive
2025-12-06,u016,inactive,0,0,1,view_only
2025-12-07,u016,view_only,1,0,0,inactive
2025-12-08,u016,inactive,0,0,0,inactive
2025-12-09,u016,inactive,0,0,0,inactive
2025-12-10,u016,inactive,0,0,0,inactive
2025-12-11,u016,inactive,0,0,0,inactive
2025-12-12,u016,inactive,0,0,0,inactive
2025-12-13,u016,inactive,0,0,0,inactive
2025-12-14,u016,inactive,0,0,0,inactive
2025-12-15,u016,inactive,0,0,0,inactive
2025-12-16,u016,inactive,0,0,0,inactive
2025-12-17,u016,inactive,0,0,0,inactive
2025-12-18,u016,inactive,0,0,0,inactive
2025-12-19,u016,inactive,0,0,0,inactive
2025-12-20,u016,inactive,0,0,0,inactive
2025-12-01,u017,inactive,0,0,0,inactive
2025-12-02,u017,inactive,0,0,0,inactive
2025-12-03,u017,inactive,0,0,0,inactive
2025-12-04,u017,inactive,0,0,0,inactive
2025-12-05,u017,inactive,0,0,0,inactive
2025-12-06,u017,inactive,0,0,0,inactive
2025-12-07,u017,inactive,0,0,0,inactive
2025-12-08,u017,inactive,0,0,0,inactive
2025-12-09,u017,inactive,0,0,0,inactive
2025-12-10,u017,inactive,0,0,1,engaged
2025-12-11,u017,engaged,1,1,0,inactive
2025-12-12,u017,inactive,0,0,0,inactive
2025-12-13,u017,inactive,0,0,0,inactive
2025-12-14,u017,inactive,0,0,0,inactive
2025-12-15,u017,inactive,0,0,0,inactive
2025-12-16,u017,inactive,0,0,0,inactive
2025-12-17,u017,inactive,0,0,0,inactive
2025-12-18,u017,inactive,0,0,0,inactive
2025-12-19,u017,inactive,0,0,0,inactive
2025-12-20,u017,inactive,0,0,0,inactive
2025-12-01,u018,inactive,0,0,0,inactive
2025-12-02,u018,inactive,0,0,0,inactive
2025-12-03,u018,inactive,0,0,0,inactive
2025-12-04,u018,inactive,0,0,0,inactive
2025-12-05,u018,inactive,0,0,0,inactive
2025-12-06,u018,inactive,0,0,0,inactive
2025-12-07,u018,inactive,0,0,0,inactive
2025-12-08,u018,inactive,0,0,0,inactive
2025-12-09,u018,inactive,0,0,0,inactive
2025-12-10,u018,inactive,0,0,0,inactive
2025-12-11,u018,inactive,0,0,0,inactive
2025-12-12,u018,inactive,0,0,1,view_only
2025-12-13,u018,view_only,1,0,1,view_only
2025-12-14,u018,view_only,1,0,0,inactive
2025-12-15,u018,inactive,0,0,0,inactive
2025-12-16,u018,inactive,0,0,0,inactive
2025-12-17,u018,inactive,0,0,0,inactive
2025-12-18,u018,inactive,0,0,0,inactive
2025-12-19,u018,inactive,0,0,0,inactive
2025-12-20,u018,inactive,0,0,1,view_only
2025-12-01,u019,inactive,0,0,0,inactive
2025-12-02,u019,inactive,0,0,1,engaged
2025-12-03,u019,engaged,1,1,0,inactive
2025-12-04,u019,inactive,0,0,0,inactive
2025-12-05,u019,inactive,0,0,0,inactive
2025-12-06,u019,inactive,0,0,1,engaged
2025-12-07,u019,engaged,1,1,0,inactive
2025-12-08,u019,inactive,0,0,0,inactive
2025-12-09,u019,inactive,0,0,0,inactive
2025-12-10,u019,inactive,0,0,0,inactive
2025-12-11,u019,inactive,0,0,0,inactive
2025-12-12,u019,inactive,0,0,0,inactive
2025-12-13,u019,inactive,0,0,0,inactive
2025-12-14,u019,inactive,0,0,0,inactive
2025-12-15,u019,inactive,0,0,0,inactive
2025-12-16,u019,inactive,0,0,0,inactive
2025-12-17,u019,inactive,0,0,0,inactive
2025-12-18,u019,inactive,0,0,0,inactive
2025-12-19,u019,inactive,0,0,0,inactive
2025-12-20,u019,inactive,0,0,0,inactive
2025-12-01,u020,inactive,0,0,1,view_only
2025-12-02,u020,view_only,1,0,1,engaged
2025-12-03,u020,engaged,1,1,0,inactive
2025-12-04,u020,inactive,0,0,0,inactive
2025-12-05,u020,inactive,0,0,0,inactive
2025-12-06,u020,inactive,0,0,0,inactive
2025-12-07,u020,inactive,0,0,0,inactive
2025-12-08,u020,inactive,0,0,0,inactive
2025-12-09,u020,inactive,0,0,1,engaged
2025-12-10,u020,engaged,1,1,0,inactive
2025-12-11,u020,inactive,0,0,0,inactive
2025-12-12,u020,inactive,0,0,0,inactive
2025-12-13,u020,inactive,0,0,0,inactive
2025-12-14,u020,inactive,0,0,0,inactive
2025-12-15,u020,inactive,0,0,1,engaged
2025-12-16,u020,engaged,1,1,0,inactive
2025-12-17,u020,inactive,0,0,0,inactive
2025-12-18,u020,inactive,0,0,0,inactive
2025-12-19,u020,inactive,0,0,0,inactive
2025-12-20,u020,inactive,0,0,1,view_only
2025-12-01,u021,inactive,0,0,0,inactive
2025-12-02,u021,inactive,0,0,0,inactive
2025-12-03,u021,inactive,0,0,0,inactive
2025-12-04,u021,inactive,0,0,0,inactive
2025-12-05,u021,inactive,0,0,0,inactive
2025-12-06,u021,inactive,0,0,0,inactive
2025-12-07,u021,inactive,0,0,0,inactive
2025-12-08,u021,inactive,0,0,0,inactive
2025-12-09,u021,inactive,0,0,0,inactive
2025-12-10,u021,inactive,0,0,0,inactive
2025-12-11,u021,inactive,0,0,0,inactive
2025-12-12,u021,inactive,0,0,0,inactive
2025-12-13,u021,inactive,0,0,0,inactive
2025-12-14,u021,inactive,0,0,1,view_only
2025-12-15,u021,view_only,1,0,0,inactive
2025-12-16,u021,inactive,0,0,0,inactive
2025-12-17,u021,inactive,0,0,0,inactive
2025-12-18,u021,inactive,0,0,1,engaged
2025-12-19,u021,engaged,1,1,1,engaged
2025-12-20,u021,engaged,1,1,0,inactive
2025-12-01,u022,inactive,0,0,0,inactive
2025-12-02,u022,inactive,0,0,0,inactive
2025-12-03,u022,inactive,0,0,0,inactive
2025-12-04,u022,inactive,0,0,0,inactive
2025-12-05,u022,inactive,0,0,0,inactive
2025-12-06,u022,inactive,0,0,0,inactive
2025-12-07,u022,inactive,0,0,0,inactive
2025-12-08,u022,inactive,0,0,0,inactive
2025-12-09,u022,inactive,0,0,0,inactive
2025-12-10,u022,inactive,0,0,0,inactive
2025-12-11,u022,inactive,0,0,0,inactive
2025-12-12,u022,inactive,0,0,0,inactive
2025-12-13,u022,inactive,0,0,0,inactive
2025-12-14,u022,inactive,0,0,0,inactive
2025-12-15,u022,inactive,0,0,0,inactive
2025-12-16,u022,inactive,0,0,0,inactive
2025-12-17,u022,inactive,0,0,1,engaged
2025-12-18,u022,engaged,1,1,0,inactive
2025-12-19,u022,inactive,0,0,0,inactive
2025-12-20,u022,inactive,0,0,0,inactive
2025-12-01,u023,inactive,0,0,0,inactive
2025-12-02,u023,inactive,0,0,0,inactive
2025-12-03,u023,inactive,0,0,0,inactive
2025-12-04,u023,inactive,0,0,0,inactive
2025-12-05,u023,inactive,0,0,0,inactive
2025-12-06,u023,inactive,0,0,0,inactive
2025-12-07,u023,inactive,0,0,0,inactive
2025-12-08,u023,inactive,0,0,0,inactive
2025-12-09,u023,inactive,0,0,0,inactive
2025-12-10,u023,inactive,0,0,0,inactive
2025-12-11,u023,inactive,0,0,0,inactive
2025-12-12,u023,inactive,0,0,0,inactive
2025-12-13,u023,inactive,0,0,0,inactive
2025-12-14,u023,inactive,0,0,0,inactive
2025-12-15,u023,inactive,0,0,0,inactive
2025-12-16,u023,inactive,0,0,0,inactive
2025-12-17,u023,inactive,0,0,1,engaged
2025-12-18,u023,engaged,1,1,0,inactive
2025-12-19,u023,inactive,0,0,1,view_only
2025-12-20,u023,view_only,1,0,1,view_only
2025-12-01,u024,inactive,0,0,0,inactive
2025-12-02,u024,inactive,0,0,0,inactive
2025-12-03,u024,inactive,0,0,0,inactive
2025-12-04,u024,inactive,0,0,0,inactive
2025-12-05,u024,inactive,0,0,1,engaged
2025-12-06,u024,engaged,1,1,0,inactive
2025-12-07,u024,inactive,0,0,0,inactive
2025-12-08,u024,inactive,0,0,0,inactive
2025-12-09,u024,inactive,0,0,0,inactive
2025-12-10,u024,inactive,0,0,0,inactive
2025-12-11,u024,inactive,0,0,0,inactive
2025-12-12,u024,inactive,0,0,0,inactive
2025-12-13,u024,inactive,0,0,0,inactive
2025-12-14,u024,inactive,0,0,1,engaged
2025-12-15,u024,engaged,1,1,1,engaged
2025-12-16,u024,engaged,1,1,0,inactive
2025-12-17,u024,inactive,0,0,0,inactive
2025-12-18,u024,inactive,0,0,0,inactive
2025-12-19,u024,inactive,0,0,1,engaged
2025-12-20,u024,engaged,1,1,0,inactive
2025-12-01,u025,inactive,0,0,0,inactive
2025-12-02,u025,inactive,0,0,0,inactive
2025-12-03,u025,inactive,0,0,0,inactive
2025-12-04,u025,inactive,0,0,0,inactive
2025-12-05,u025,inactive,0,0,0,inactive
2025-12-06,u025,inactive,0,0,0,inactive
2025-12-07,u025,inactive,0,0,0,inactive
2025-12-08,u025,inactive,0,0,0,inactive
2025-12-09,u025,inactive,0,0,1,engaged
2025-12-10,u025,engaged,1,1,0,inactive
2025-12-11,u025,inactive,0,0,0,inactive
2025-12-12,u025,inactive,0,0,0,inactive
2025-12-13,u025,inactive,0,0,0,inactive
2025-12-14,u025,inactive,0,0,0,inactive
2025-12-15,u025,inactive,0,0,0,inactive
2025-12-16,u025,inactive,0,0,0,inactive
2025-12-17,u025,inactive,0,0,0,inactive
2025-12-18,u025,inactive,0,0,0,inactive
2025-12-19,u025,inactive,0,0,1,view_only
2025-12-20,u025,view_only,1,0,0,inactive
2025-12-01,u026,inactive,0,0,0,inactive
2025-12-02,u026,inactive,0,0,0,inactive
2025-12-03,u026,inactive,0,0,0,inactive
2025-12-04,u026,inactive,0,0,1,view_only
2025-12-05,u026,view_only,1,0,0,inactive
2025-12-06,u026,inactive,0,0,0,inactive
2025-12-07,u026,inactive,0,0,0,inactive
2025-12-08,u026,inactive,0,0,0,inactive
2025-12-09,u026,inactive,0,0,0,inactive
2025-12-10,u026,inactive,0,0,0,inactive
2025-12-11,u026,inactive,0,0,0,inactive
2025-12-12,u026,inactive,0,0,0,inactive
2025-12-13,u026,inactive,0,0,0,inactive
2025-12-14,u026,inactive,0,0,0,inactive
2025-12-15,u026,inactive,0,0,0,inactive
2025-12-16,u026,inactive,0,0,0,inactive
2025-12-17,u026,inactive,0,0,0,inactive
2025-12-18,u026,inactive,0,0,1,engaged
2025-12-19,u026,engaged,1,1,0,inactive
2025-12-20,u026,inactive,0,0,0,inactive
2025-12-01,u027,inactive,0,0,0,inactive
2025-12-02,u027,inactive,0,0,0,inactive
2025-12-03,u027,inactive,0,0,0,inactive
2025-12-04,u027,inactive,0,0,1,engaged
2025-12-05,u027,engaged,1,1,0,inactive
2025-12-06,u027,inactive,0,0,1,engaged
2025-12-07,u027,engaged,1,1,0,inactive
2025-12-08,u027,inactive,0,0,1,view_only
2025-12-09,u027,view_only,1,0,0,inactive
2025-12-10,u027,inactive,0,0,1,engaged
2025-12-11,u027,engaged,1,1,0,inactive
2025-12-12,u027,inactive,0,0,1,engaged
2025-12-13,u027,engaged,1,1,1,view_only
2025-12-14,u027,view_only,1,0,1,engaged
2025-12-15,u027,engaged,1,1,0,inactive
2025-12-16,u027,inactive,0,0,0,inactive
2025-12-17,u027,inactive,0,0,0,inactive
2025-12-18,u027,inactive,0,0,0,inactive
2025-12-19,u027,inactive,0,0,0,inactive
2025-12-20,u027,inactive,0,0,0,inactive
2025-12-01,u028,inactive,0,0,0,inactive
2025-12-02,u028,inactive,0,0,0,inactive
2025-12-03,u028,inactive,0,0,0,inactive
2025-12-04,u028,inactive,0,0,0,inactive
2025-12-05,u028,inactive,0,0,0,inactive
2025-12-06,u028,inactive,0,0,0,inactive
2025-12-07,u028,inactive,0,0,0,inactive
2025-12-08,u028,inactive,0,0,0,inactive
2025-12-09,u028,inactive,0,0,0,inactive
2025-12-10,u028,inactive,0,0,0,inactive
2025-12-11,u028,inactive,0,0,0,inactive
2025-12-12,u028,inactive,0,0,0,inactive
2025-12-13,u028,inactive,0,0,1,engaged
2025-12-14,u028,engaged,1,1,0,inactive
2025-12-15,u028,inactive,0,0,0,inactive
2025-12-16,u028,inactive,0,0,0,inactive
2025-12-17,u028,inactive,0,0,0,inactive
2025-12-18,u028,inactive,0,0,0,inactive
2025-12-19,u028,inactive,0,0,0,inactive
2025-12-20,u028,inactive,0,0,0,inactive
2025-12-01,u029,inactive,0,0,0,inactive
2025-12-02,u029,inactive,0,0,0,inactive
2025-12-03,u029,inactive,0,0,0,inactive
2025-12-04,u029,inactive,0,0,0,inactive
2025-12-05,u029,inactive,0,0,0,inactive
2025-12-06,u029,inactive,0,0,0,inactive
2025-12-07,u029,inactive,0,0,0,inactive
2025-12-08,u029,inactive,0,0,0,inactive
2025-12-09,u029,inactive,0,0,0,inactive
2025-12-10,u029,inactive,0,0,0,inactive
2025-12-11,u029,inactive,0,0,0,inactive
2025-12-12,u029,inactive,0,0,1,engaged
2025-12-13,u029,engaged,1,1,0,inactive
2025-12-14,u029,inactive,0,0,0,inactive
2025-12-15,u029,inactive,0,0,0,inactive
2025-12-16,u029,inactive,0,0,0,inactive
2025-12-17,u029,inactive,0,0,0,inactive
2025-12-18,u029,inactive,0,0,0,inactive
2025-12-19,u029,inactive,0,0,0,inactive
2025-12-20,u029,inactive,0,0,0,inactive
2025-12-01,u030,inactive,0,0,0,inactive
2025-12-02,u030,inactive,0,0,0,inactive
2025-12-03,u030,inactive,0,0,0,inactive
2025-12-04,u030,inactive,0,0,0,inactive
2025-12-05,u030,inactive,0,0,0,inactive
2025-12-06,u030,inactive,0,0,0,inactive
2025-12-07,u030,inactive,0,0,0,inactive
2025-12-08,u030,inactive,0,0,1,view_only
2025-12-09,u030,view_only,1,0,0,inactive
2025-12-10,u030,inactive,0,0,0,inactive
2025-12-11,u030,inactive,0,0,0,inactive
2025-12-12,u030,inactive,0,0,0,inactive
2025-12-13,u030,inactive,0,0,0,inactive
2025-12-14,u030,inactive,0,0,0,inactive
2025-12-15,u030,inactive,0,0,0,inactive
2025-12-16,u030,inactive,0,0,0,inactive
2025-12-17,u030,inactive,0,0,1,view_only
2025-12-18,u030,view_only,1,0,0,inactive
2025-12-19,u030,inactive,0,0,0,inactive
2025-12-20,u030,inactive,0,0,0,inactive
2025-12-01,u031,view_only,1,0,0,inactive
2025-12-02,u031,inactive,0,0,0,inactive
2025-12-03,u031,inactive,0,0,1,engaged
2025-12-04,u031,engaged,1,1,0,inactive
2025-12-05,u031,inactive,0,0,0,inactive
2025-12-06,u031,inactive,0,0,0,inactive
2025-12-07,u031,inactive,0,0,0,inactive
2025-12-08,u031,inactive,0,0,0,inactive
2025-12-09,u031,inactive,0,0,0,inactive
2025-12-10,u031,inactive,0,0,0,inactive
2025-12-11,u031,inactive,0,0,0,inactive
2025-12-12,u031,inactive,0,0,0,inactive
2025-12-13,u031,inactive,0,0,0,inactive
2025-12-14,u031,inactive,0,0,0,inactive
2025-12-15,u031,inactive,0,0,0,inactive
2025-12-16,u031,inactive,0,0,1,view_only
2025-12-17,u031,view_only,1,0,1,engaged
2025-12-18,u031,engaged,1,1,0,inactive
2025-12-19,u031,inactive,0,0,0,inactive
2025-12-20,u031,inactive,0,0,0,inactive
2025-12-01,u032,inactive,0,0,0,inactive
2025-12-02,u032,inactive,0,0,0,inactive
2025-12-03,u032,inactive,0,0,0,inactive
2025-12-04,u032,inactive,0,0,0,inactive
2025-12-05,u032,inactive,0,0,0,inactive
2025-12-06,u032,inactive,0,0,1,view_only
2025-12-07,u032,view_only,1,0,0,inactive
2025-12-08,u032,inactive,0,0,0,inactive
2025-12-09,u032,inactive,0,0,0,inactive
2025-12-10,u032,inactive,0,0,0,inactive
2025-12-11,u032,inactive,0,0,0,inactive
2025-12-12,u032,inactive,0,0,1,view_only
2025-12-13,u032,view_only,1,0,0,inactive
2025-12-14,u032,inactive,0,0,0,inactive
2025-12-15,u032,inactive,0,0,0,inactive
2025-12-16,u032,inactive,0,0,0,inactive
2025-12-17,u032,inactive,0,0,0,inactive
2025-12-18,u032,inactive,0,0,0,inactive
2025-12-19,u032,inactive,0,0,0,inactive
2025-12-20,u032,inactive,0,0,0,inactive
2025-12-01,u033,inactive,0,0,0,inactive
2025-12-02,u033,inactive,0,0,0,inactive
2025-12-03,u033,inactive,0,0,0,inactive
2025-12-04,u033,inactive,0,0,0,inactive
2025-12-05,u033,inactive,0,0,0,inactive
2025-12-06,u033,inactive,0,0,0,inactive
2025-12-07,u033,inactive,0,0,0,inactive
2025-12-08,u033,inactive,0,0,0,inactive
2025-12-09,u033,inactive,0,0,0,inactive
2025-12-10,u033,inactive,0,0,0,inactive
2025-12-11,u033,inactive,0,0,0,inactive
2025-12-12,u033,inactive,0,0,0,inactive
2025-12-13,u033,inactive,0,0,0,inactive
2025-12-14,u033,inactive,0,0,0,inactive
2025-12-15,u033,inactive,0,0,0,inactive
2025-12-16,u033,inactive,0,0,0,inactive
2025-12-17,u033,inactive,0,0,0,inactive
2025-12-18,u033,inactive,0,0,0,inactive
2025-12-19,u033,inactive,0,0,0,inactive
2025-12-20,u033,inactive,0,0,1,view_only
2025-12-01,u034,inactive,0,0,1,view_only
2025-12-02,u034,view_only,1,0,0,inactive
2025-12-03,u034,inactive,0,0,0,inactive
2025-12-04,u034,inactive,0,0,0,inactive
2025-12-05,u034,inactive,0,0,0,inactive
2025-12-06,u034,inactive,0,0,1,engaged
2025-12-07,u034,engaged,1,1,1,view_only
2025-12-08,u034,view_only,1,0,0,inactive
2025-12-09,u034,inactive,0,0,0,inactive
2025-12-10,u034,inactive,0,0,0,inactive
2025-12-11,u034,inactive,0,0,0,inactive
2025-12-12,u034,inactive,0,0,0,inactive
2025-12-13,u034,inactive,0,0,1,engaged
2025-12-14,u034,engaged,1,1,0,inactive
2025-12-15,u034,inactive,0,0,1,view_only
2025-12-16,u034,view_only,1,0,1,engaged
2025-12-17,u034,engaged,1,1,0,inactive
2025-12-18,u034,inactive,0,0,0,inactive
2025-12-19,u034,inactive,0,0,0,inactive
2025-12-20,u034,inactive,0,0,0,inactive
2025-12-01,u035,inactive,0,0,0,inactive
2025-12-02,u035,inactive,0,0,0,inactive
2025-12-03,u035,inactive,0,0,0,inactive
2025-12-04,u035,inactive,0,0,0,inactive
2025-12-05,u035,inactive,0,0,0,inactive
2025-12-06,u035,inactive,0,0,0,inactive
2025-12-07,u035,inactive,0,0,0,inactive
2025-12-08,u035,inactive,0,0,0,inactive
2025-12-09,u035,inactive,0,0,0,inactive
2025-12-10,u035,inactive,0,0,0,inactive
2025-12-11,u035,inactive,0,0,0,inactive
2025-12-12,u035,inactive,0,0,0,inactive
2025-12-13,u035,inactive,0,0,0,inactive
2025-12-14,u035,inactive,0,0,1,engaged
2025-12-15,u035,engaged,1,1,0,inactive
2025-12-16,u035,inactive,0,0,0,inactive
2025-12-17,u035,inactive,0,0,0,inactive
2025-12-18,u035,inactive,0,0,0,inactive
2025-12-19,u035,inactive,0,0,0,inactive
2025-12-20,u035,inactive,0,0,0,inactive
2025-12-01,u036,inactive,0,0,0,inactive
2025-12-02,u036,inactive,0,0,0,inactive
2025-12-03,u036,inactive,0,0,0,inactive
2025-12-04,u036,inactive,0,0,0,inactive
2025-12-05,u036,inactive,0,0,0,inactive
2025-12-06,u036,inactive,0,0,0,inactive
2025-12-07,u036,inactive,0,0,1,view_only
2025-12-08,u036,view_only,1,0,1,engaged
2025-12-09,u036,engaged,1,1,0,inactive
2025-12-10,u036,inactive,0,0,0,inactive
2025-12-11,u036,inactive,0,0,0,inactive
2025-12-12,u036,inactive,0,0,0,inactive
2025-12-13,u036,inactive,0,0,0,inactive
2025-12-14,u036,inactive,0,0,0,inactive
2025-12-15,u036,inactive,0,0,0,inactive
2025-12-16,u036,inactive,0,0,1,engaged
2025-12-17,u036,engaged,1,1,0,inactive
2025-12-18,u036,inactive,0,0,0,inactive
2025-12-19,u036,inactive,0,0,0,inactive
2025-12-20,u036,inactive,0,0,0,inactive
2025-12-01,u037,inactive,0,0,0,inactive
2025-12-02,u037,inactive,0,0,1,view_only
2025-12-03,u037,view_only,1,0,0,inactive
2025-12-04,u037,inactive,0,0,0,inactive
2025-12-05,u037,inactive,0,0,0,inactive
2025-12-06,u037,inactive,0,0,0,inactive
2025-12-07,u037,inactive,0,0,0,inactive
2025-12-08,u037,inactive,0,0,0,inactive
2025-12-09,u037,inactive,0,0,1,engaged
2025-12-10,u037,engaged,1,1,0,inactive
2025-12-11,u037,inactive,0,0,0,inactive
2025-12-12,u037,inactive,0,0,0,inactive
2025-12-13,u037,inactive,0,0,0,inactive
2025-12-14,u037,inactive,0,0,0,inactive
2025-12-15,u037,inactive,0,0,0,inactive
2025-12-16,u037,inactive,0,0,1,view_only
2025-12-17,u037,view_only,1,0,0,inactive
2025-12-18,u037,inactive,0,0,0,inactive
2025-12-19,u037,inactive,0,0,1,view_only
2025-12-20,u037,view_only,1,0,0,inactive
2025-12-01,u038,inactive,0,0,0,inactive
2025-12-02,u038,inactive,0,0,0,inactive
2025-12-03,u038,inactive,0,0,0,inactive
2025-12-04,u038,inactive,0,0,0,inactive
2025-12-05,u038,inactive,0,0,0,inactive
2025-12-06,u038,inactive,0,0,0,inactive
2025-12-07,u038,inactive,0,0,0,inactive
2025-12-08,u038,inactive,0,0,0,inactive
2025-12-09,u038,inactive,0,0,1,engaged
2025-12-10,u038,engaged,1,1,0,inactive
2025-12-11,u038,inactive,0,0,0,inactive
2025-12-12,u038,inactive,0,0,0,inactive
2025-12-13,u038,inactive,0,0,0,inactive
2025-12-14,u038,inactive,0,0,0,inactive
2025-12-15,u038,inactive,0,0,0,inactive
2025-12-16,u038,inactive,0,0,0,inactive
2025-12-17,u038,inactive,0,0,0,inactive
2025-12-18,u038,inactive,0,0,0,inactive
2025-12-19,u038,inactive,0,0,0,inactive
2025-12-20,u038,inactive,0,0,0,inactive
2025-12-01,u039,inactive,0,0,0,inactive
2025-12-02,u039,inactive,0,0,1,view_only
2025-12-03,u039,view_only,1,0,0,inactive
2025-12-04,u039,inactive,0,0,0,inactive
2025-12-05,u039,inactive,0,0,0,inactive
2025-12-06,u039,inactive,0,0,0,inactive
2025-12-07,u039,inactive,0,0,0,inactive
2025-12-08,u039,inactive,0,0,0,inactive
2025-12-09,u039,inactive,0,0,0,inactive
2025-12-10,u039,inactive,0,0,0,inactive
2025-12-11,u039,inactive,0,0,1,engaged
2025-12-12,u039,engaged,1,1,0,inactive
2025-12-13,u039,inactive,0,0,0,inactive
2025-12-14,u039,inactive,0,0,0,inactive
2025-12-15,u039,inactive,0,0,0,inactive
2025-12-16,u039,inactive,0,0,0,inactive
2025-12-17,u039,inactive,0,0,0,inactive
2025-12-18,u039,inactive,0,0,0,inactive
2025-12-19,u039,inactive,0,0,0,inactive
2025-12-20,u039,inactive,0,0,0,inactive
2025-12-01,u040,inactive,0,0,0,inactive
2025-12-02,u040,inactive,0,0,0,inactive
2025-12-03,u040,inactive,0,0,1,view_only
2025-12-04,u040,view_only,1,0,1,engaged
2025-12-05,u040,engaged,1,1,0,inactive
2025-12-06,u040,inactive,0,0,0,inactive
2025-12-07,u040,inactive,0,0,0,inactive
2025-12-08,u040,inactive,0,0,0,inactive
2025-12-09,u040,inactive,0,0,0,inactive
2025-12-10,u040,inactive,0,0,0,inactive
2025-12-11,u040,inactive,0,0,0,inactive
2025-12-12,u040,inactive,0,0,0,inactive
2025-12-13,u040,inactive,0,0,0,inactive
2025-12-14,u040,inactive,0,0,0,inactive
2025-12-15,u040,inactive,0,0,0,inactive
2025-12-16,u040,inactive,0,0,0,inactive
2025-12-17,u040,inactive,0,0,0,inactive
2025-12-18,u040,inactive,0,0,0,inactive
2025-12-19,u040,inactive,0,0,0,inactive
2025-12-20,u040,inactive,0,0,0,inactive
2025-12-01,u041,inactive,0,0,0,inactive
2025-12-02,u041,inactive,0,0,0,inactive
2025-12-03,u041,inactive,0,0,1,view_only
2025-12-04,u041,view_only,1,0,0,inactive
2025-12-05,u041,inactive,0,0,0,inactive
2025-12-06,u041,inactive,0,0,1,engaged
2025-12-07,u041,engaged,1,1,0,inactive
2025-12-08,u041,inactive,0,0,0,inactive
2025-12-09,u041,inactive,0,0,0,inactive
2025-12-10,u041,inactive,0,0,0,inactive
2025-12-11,u041,inactive,0,0,0,inactive
2025-12-12,u041,inactive,0,0,0,inactive
2025-12-13,u041,inactive,0,0,0,inactive
2025-12-14,u041,inactive,0,0,0,inactive
2025-12-15,u041,inactive,0,0,0,inactive
2025-12-16,u041,inactive,0,0,0,inactive
2025-12-17,u041,inactive,0,0,0,inactive
2025-12-18,u041,inactive,0,0,0,inactive
2025-12-19,u041,inactive,0,0,0,inactive
2025-12-20,u041,inactive,0,0,1,engaged
2025-12-01,u042,inactive,0,0,1,engaged
2025-12-02,u042,engaged,1,1,0,inactive
2025-12-03,u042,inactive,0,0,0,inactive
2025-12-04,u042,inactive,0,0,0,inactive
2025-12-05,u042,inactive,0,0,0,inactive
2025-12-06,u042,inactive,0,0,0,inactive
2025-12-07,u042,inactive,0,0,0,inactive
2025-12-08,u042,inactive,0,0,0,inactive
2025-12-09,u042,inactive,0,0,1,view_only
2025-12-10,u042,view_only,1,0,0,inactive
2025-12-11,u042,inactive,0,0,1,engaged
2025-12-12,u042,engaged,1,1,0,inactive
2025-12-13,u042,inactive,0,0,0,inactive
2025-12-14,u042,inactive,0,0,0,inactive
2025-12-15,u042,inactive,0,0,0,inactive
2025-12-16,u042,inactive,0,0,0,inactive
2025-12-17,u042,inactive,0,0,0,inactive
2025-12-18,u042,inactive,0,0,1,view_only
2025-12-19,u042,view_only,1,0,0,inactive
2025-12-20,u042,inactive,0,0,0,inactive
2025-12-01,u043,inactive,0,0,0,inactive
2025-12-02,u043,inactive,0,0,0,inactive
2025-12-03,u043,inactive,0,0,0,inactive
2025-12-04,u043,inactive,0,0,0,inactive
2025-12-05,u043,inactive,0,0,0,inactive
2025-12-06,u043,inactive,0,0,0,inactive
2025-12-07,u043,inactive,0,0,0,inactive
2025-12-08,u043,inactive,0,0,0,inactive
2025-12-09,u043,inactive,0,0,0,inactive
2025-12-10,u043,inactive,0,0,0,inactive
2025-12-11,u043,inactive,0,0,0,inactive
2025-12-12,u043,inactive,0,0,0,inactive
2025-12-13,u043,inactive,0,0,0,inactive
2025-12-14,u043,inactive,0,0,0,inactive
2025-12-15,u043,inactive,0,0,0,inactive
2025-12-16,u043,inactive,0,0,0,inactive
2025-12-17,u043,inactive,0,0,0,inactive
2025-12-18,u043,inactive,0,0,1,engaged
2025-12-19,u043,engaged,1,1,1,view_only
2025-12-20,u043,view_only,1,0,0,inactive
2025-12-01,u044,inactive,0,0,0,inactive
2025-12-02,u044,inactive,0,0,0,inactive
2025-12-03,u044,inactive,0,0,0,inactive
2025-12-04,u044,inactive,0,0,0,inactive
2025-12-05,u044,inactive,0,0,0,inactive
2025-12-06,u044,inactive,0,0,0,inactive
2025-12-07,u044,inactive,0,0,0,inactive
2025-12-08,u044,inactive,0,0,0,inactive
2025-12-09,u044,inactive,0,0,0,inactive
2025-12-10,u044,inactive,0,0,0,inactive
2025-12-11,u044,inactive,0,0,1,engaged
2025-12-12,u044,engaged,1,1,0,inactive
2025-12-13,u044,inactive,0,0,0,inactive
2025-12-14,u044,inactive,0,0,0,inactive
2025-12-15,u044,inactive,0,0,0,inactive
2025-12-16,u044,inactive,0,0,0,inactive
2025-12-17,u044,inactive,0,0,0,inactive
2025-12-18,u044,inactive,0,0,0,inactive
2025-12-19,u044,inactive,0,0,1,engaged
2025-12-20,u044,engaged,1,1,0,inactive
2025-12-01,u045,inactive,0,0,0,inactive
2025-12-02,u045,inactive,0,0,0,inactive
2025-12-03,u045,inactive,0,0,0,inactive
2025-12-04,u045,inactive,0,0,0,inactive
2025-12-05,u045,inactive,0,0,0,inactive
2025-12-06,u045,inactive,0,0,0,inactive
2025-12-07,u045,inactive,0,0,1,view_only
2025-12-08,u045,view_only,1,0,0,inactive
2025-12-09,u045,inactive,0,0,0,inactive
2025-12-10,u045,inactive,0,0,1,view_only
2025-12-11,u045,view_only,1,0,0,inactive
2025-12-12,u045,inactive,0,0,0,inactive
2025-12-13,u045,inactive,0,0,0,inactive
2025-12-14,u045,inactive,0,0,0,inactive
2025-12-15,u045,inactive,0,0,0,inactive
2025-12-16,u045,inactive,0,0,0,inactive
2025-12-17,u045,inactive,0,0,0,inactive
2025-12-18,u045,inactive,0,0,0,inactive
2025-12-19,u045,inactive,0,0,0,inactive
2025-12-20,u045,inactive,0,0,0,inactive
2025-12-01,u046,inactive,0,0,0,inactive
2025-12-02,u046,inactive,0,0,0,inactive
2025-12-03,u046,inactive,0,0,0,inactive
2025-12-04,u046,inactive,0,0,1,view_only
2025-12-05,u046,view_only,1,0,0,inactive
2025-12-06,u046,inactive,0,0,0,inactive
2025-12-07,u046,inactive,0,0,0,inactive
2025-12-08,u046,inactive,0,0,0,inactive
2025-12-09,u046,inactive,0,0,0,inactive
2025-12-10,u046,inactive,0,0,0,inactive
2025-12-11,u046,inactive,0,0,0,inactive
2025-12-12,u046,inactive,0,0,0,inactive
2025-12-13,u046,inactive,0,0,0,inactive
2025-12-14,u046,inactive,0,0,1,view_only
2025-12-15,u046,view_only,1,0,0,inactive
2025-12-16,u046,inactive,0,0,1,engaged
2025-12-17,u046,engaged,1,1,0,inactive
2025-12-18,u046,inactive,0,0,0,inactive
2025-12-19,u046,inactive,0,0,1,engaged
2025-12-20,u046,engaged,1,1,1,engaged
2025-12-01,u047,engaged,1,1,0,inactive
2025-12-02,u047,inactive,0,0,0,inactive
2025-12-03,u047,inactive,0,0,0,inactive
2025-12-04,u047,inactive,0,0,0,inactive
2025-12-05,u047,inactive,0,0,0,inactive
2025-12-06,u047,inactive,0,0,0,inactive
2025-12-07,u047,inactive,0,0,0,inactive
2025-12-08,u047,inactive,0,0,0,inactive
2025-12-09,u047,inactive,0,0,0,inactive
2025-12-10,u047,inactive,0,0,0,inactive
2025-12-11,u047,inactive,0,0,1,engaged
2025-12-12,u047,engaged,1,1,1,engaged
2025-12-13,u047,engaged,1,1,0,inactive
2025-12-14,u047,inactive,0,0,0,inactive
2025-12-15,u047,inactive,0,0,0,inactive
2025-12-16,u047,inactive,0,0,0,inactive
2025-12-17,u047,inactive,0,0,0,inactive
2025-12-18,u047,inactive,0,0,0,inactive
2025-12-19,u047,inactive,0,0,0,inactive
2025-12-20,u047,inactive,0,0,0,inactive
2025-12-01,u048,inactive,0,0,0,inactive
2025-12-02,u048,inactive,0,0,0,inactive
2025-12-03,u048,inactive,0,0,0,inactive
2025-12-04,u048,inactive,0,0,0,inactive
2025-12-05,u048,inactive,0,0,0,inactive
2025-12-06,u048,inactive,0,0,0,inactive
2025-12-07,u048,inactive,0,0,0,inactive
2025-12-08,u048,inactive,0,0,0,inactive
2025-12-09,u048,inactive,0,0,0,inactive
2025-12-10,u048,inactive,0,0,0,inactive
2025-12-11,u048,inactive,0,0,1,engaged
2025-12-12,u048,engaged,1,1,0,inactive
2025-12-13,u048,inactive,0,0,0,inactive
2025-12-14,u048,inactive,0,0,0,inactive
2025-12-15,u048,inactive,0,0,0,inactive
2025-12-16,u048,inactive,0,0,0,inactive
2025-12-17,u048,inactive,0,0,0,inactive
2025-12-18,u048,inactive,0,0,0,inactive
2025-12-19,u048,inactive,0,0,0,inactive
2025-12-20,u048,inactive,0,0,0,inactive
2025-12-01,u049,inactive,0,0,0,inactive
2025-12-02,u049,inactive,0,0,0,inactive
2025-12-03,u049,inactive,0,0,0,inactive
2025-12-04,u049,inactive,0,0,0,inactive
2025-12-05,u049,inactive,0,0,0,inactive
2025-12-06,u049,inactive,0,0,0,inactive
2025-12-07,u049,inactive,0,0,0,inactive
2025-12-08,u049,inactive,0,0,0,inactive
2025-12-09,u049,inactive,0,0,0,inactive
2025-12-10,u049,inactive,0,0,0,inactive
2025-12-11,u049,inactive,0,0,0,inactive
2025-12-12,u049,inactive,0,0,0,inactive
2025-12-13,u049,inactive,0,0,0,inactive
2025-12-14,u049,inactive,0,0,0,inactive
2025-12-15,u049,inactive,0,0,0,inactive
2025-12-16,u049,inactive,0,0,1,engaged
2025-12-17,u049,engaged,1,1,0,inactive
2025-12-18,u049,inactive,0,0,0,inactive
2025-12-19,u049,inactive,0,0,0,inactive
2025-12-20,u049,inactive,0,0,0,inactive
2025-12-01,u050,inactive,0,0,0,inactive
2025-12-02,u050,inactive,0,0,1,view_only
2025-12-03,u050,view_only,1,0,0,inactive
2025-12-04,u050,inactive,0,0,0,inactive
2025-12-05,u050,inactive,0,0,0,inactive
2025-12-06,u050,inactive,0,0,0,inactive
2025-12-07,u050,inactive,0,0,0,inactive
2025-12-08,u050,inactive,0,0,0,inactive
2025-12-09,u050,inactive,0,0,0,inactive
2025-12-10,u050,inactive,0,0,0,inactive
2025-12-11,u050,inactive,0,0,0,inactive
2025-12-12,u050,inactive,0,0,1,engaged
2025-12-13,u050,engaged,1,1,0,inactive
2025-12-14,u050,inactive,0,0,0,inactive
2025-12-15,u050,inactive,0,0,0,inactive
2025-12-16,u050,inactive,0,0,0,inactive
2025-12-17,u050,inactive,0,0,0,inactive
2025-12-18,u050,inactive,0,0,0,inactive
2025-12-19,u050,inactive,0,0,0,inactive
2025-12-20,u050,inactive,0,0,1,view_only
2025-12-01,u051,inactive,0,0,0,inactive
2025-12-02,u051,inactive,0,0,0,inactive
2025-12-03,u051,inactive,0,0,0,inactive
2025-12-04,u051,inactive,0,0,1,engaged
2025-12-05,u051,engaged,1,1,0,inactive
2025-12-06,u051,inactive,0,0,1,view_only
2025-12-07,u051,view_only,1,0,0,inactive
2025-12-08,u051,inactive,0,0,0,inactive
2025-12-09,u051,inactive,0,0,1,view_only
2025-12-10,u051,view_only,1,0,0,inactive
2025-12-11,u051,inactive,0,0,0,inactive
2025-12-12,u051,inactive,0,0,0,inactive
2025-12-13,u051,inactive,0,0,0,inactive
2025-12-14,u051,inactive,0,0,0,inactive
2025-12-15,u051,inactive,0,0,0,inactive
2025-12-16,u051,inactive,0,0,0,inactive
2025-12-17,u051,inactive,0,0,0,inactive
2025-12-18,u051,inactive,0,0,0,inactive
2025-12-19,u051,inactive,0,0,0,inactive
2025-12-20,u051,inactive,0,0,1,view_only
2025-12-01,u052,inactive,0,0,0,inactive
2025-12-02,u052,inactive,0,0,0,inactive
2025-12-03,u052,inactive,0,0,0,inactive
2025-12-04,u052,inactive,0,0,0,inactive
2025-12-05,u052,inactive,0,0,0,inactive
2025-12-06,u052,inactive,0,0,1,engaged
2025-12-07,u052,engaged,1,1,0,inactive
2025-12-08,u052,inactive,0,0,0,inactive
2025-12-09,u052,inactive,0,0,0,inactive
2025-12-10,u052,inactive,0,0,0,inactive
2025-12-11,u052,inactive,0,0,1,engaged
2025-12-12,u052,engaged,1,1,0,inactive
2025-12-13,u052,inactive,0,0,0,inactive
2025-12-14,u052,inactive,0,0,0,inactive
2025-12-15,u052,inactive,0,0,0,inactive
2025-12-16,u052,inactive,0,0,0,inactive
2025-12-17,u052,inactive,0,0,0,inactive
2025-12-18,u052,inactive,0,0,0,inactive
2025-12-19,u052,inactive,0,0,0,inactive
2025-12-20,u052,inactive,0,0,0,inactive
2025-12-01,u053,inactive,0,0,0,inactive
2025-12-02,u053,inactive,0,0,0,inactive
2025-12-03,u053,inactive,0,0,0,inactive
2025-12-04,u053,inactive,0,0,0,inactive
2025-12-05,u053,inactive,0,0,0,inactive
2025-12-06,u053,inactive,0,0,0,inactive
2025-12-07,u053,inactive,0,0,0,inactive
2025-12-08,u053,inactive,0,0,1,engaged
2025-12-09,u053,engaged,1,1,0,inactive
2025-12-10,u053,inactive,0,0,0,inactive
2025-12-11,u053,inactive,0,0,0,inactive
2025-12-12,u053,inactive,0,0,0,inactive
2025-12-13,u053,inactive,0,0,0,inactive
2025-12-14,u053,inactive,0,0,0,inactive
2025-12-15,u053,inactive,0,0,0,inactive
2025-12-16,u053,inactive,0,0,0,inactive
2025-12-17,u053,inactive,0,0,0,inactive
2025-12-18,u053,inactive,0,0,0,inactive
2025-12-19,u053,inactive,0,0,0,inactive
2025-12-20,u053,inactive,0,0,0,inactive
2025-12-01,u054,inactive,0,0,1,engaged
2025-12-02,u054,engaged,1,1,0,inactive
2025-12-03,u054,inactive,0,0,0,inactive
2025-12-04,u054,inactive,0,0,1,engaged
2025-12-05,u054,engaged,1,1,0,inactive
2025-12-06,u054,inactive,0,0,0,inactive
2025-12-07,u054,inactive,0,0,0,inactive
2025-12-08,u054,inactive,0,0,0,inactive
2025-12-09,u054,inactive,0,0,1,engaged
2025-12-10,u054,engaged,1,1,0,inactive
2025-12-11,u054,inactive,0,0,0,inactive
2025-12-12,u054,inactive,0,0,0,inactive
2025-12-13,u054,inactive,0,0,1,view_only
2025-12-14,u054,view_only,1,0,0,inactive
2025-12-15,u054,inactive,0,0,0,inactive
2025-12-16,u054,inactive,0,0,0,inactive
2025-12-17,u054,inactive,0,0,0,inactive
2025-12-18,u054,inactive,0,0,0,inactive
2025-12-19,u054,inactive,0,0,0,inactive
2025-12-20,u054,inactive,0,0,1,view_only
2025-12-01,u055,inactive,0,0,0,inactive
2025-12-02,u055,inactive,0,0,0,inactive
2025-12-03,u055,inactive,0,0,0,inactive
2025-12-04,u055,inactive,0,0,0,inactive
2025-12-05,u055,inactive,0,0,0,inactive
2025-12-06,u055,inactive,0,0,0,inactive
2025-12-07,u055,inactive,0,0,0,inactive
2025-12-08,u055,inactive,0,0,0,inactive
2025-12-09,u055,inactive,0,0,0,inactive
2025-12-10,u055,inactive,0,0,1,engaged
2025-12-11,u055,engaged,1,1,0,inactive
2025-12-12,u055,inactive,0,0,0,inactive
2025-12-13,u055,inactive,0,0,1,engaged
2025-12-14,u055,engaged,1,1,0,inactive
2025-12-15,u055,inactive,0,0,0,inactive
2025-12-16,u055,inactive,0,0,0,inactive
2025-12-17,u055,inactive,0,0,0,inactive
2025-12-18,u055,inactive,0,0,0,inactive
2025-12-19,u055,inactive,0,0,0,inactive
2025-12-20,u055,inactive,0,0,0,inactive
2025-12-01,u056,inactive,0,0,0,inactive
2025-12-02,u056,inactive,0,0,0,inactive
2025-12-03,u056,inactive,0,0,0,inactive
2025-12-04,u056,inactive,0,0,0,inactive
2025-12-05,u056,inactive,0,0,0,inactive
2025-12-06,u056,inactive,0,0,1,view_only
2025-12-07,u056,view_only,1,0,0,inactive
2025-12-08,u056,inactive,0,0,0,inactive
2025-12-09,u056,inactive,0,0,0,inactive
2025-12-10,u056,inactive,0,0,0,inactive
2025-12-11,u056,inactive,0,0,0,inactive
2025-12-12,u056,inactive,0,0,0,inactive
2025-12-13,u056,inactive,0,0,0,inactive
2025-12-14,u056,inactive,0,0,0,inactive
2025-12-15,u056,inactive,0,0,0,inactive
2025-12-16,u056,inactive,0,0,0,inactive
2025-12-17,u056,inactive,0,0,0,inactive
2025-12-18,u056,inactive,0,0,1,view_only
2025-12-19,u056,view_only,1,0,0,inactive
2025-12-20,u056,inactive,0,0,0,inactive
2025-12-01,u057,inactive,0,0,0,inactive
2025-12-02,u057,inactive,0,0,0,inactive
2025-12-03,u057,inactive,0,0,0,inactive
2025-12-04,u057,inactive,0,0,0,inactive
2025-12-05,u057,inactive,0,0,0,inactive
2025-12-06,u057,inactive,0,0,0,inactive
2025-12-07,u057,inactive,0,0,0,inactive
2025-12-08,u057,inactive,0,0,0,inactive
2025-12-09,u057,inactive,0,0,0,inactive
2025-12-10,u057,inactive,0,0,1,view_only
2025-12-11,u057,view_only,1,0,0,inactive
2025-12-12,u057,inactive,0,0,0,inactive
2025-12-13,u057,inactive,0,0,0,inactive
2025-12-14,u057,inactive,0,0,0,inactive
2025-12-15,u057,inactive,0,0,0,inactive
2025-12-16,u057,inactive,0,0,0,inactive
2025-12-17,u057,inactive,0,0,0,inactive
2025-12-18,u057,inactive,0,0,0,inactive
2025-12-19,u057,inactive,0,0,0,inactive
2025-12-20,u057,inactive,0,0,0,inactive
2025-12-01,u058,inactive,0,0,0,inactive
2025-12-02,u058,inactive,0,0,0,inactive
2025-12-03,u058,inactive,0,0,0,inactive
2025-12-04,u058,inactive,0,0,0,inactive
2025-12-05,u058,inactive,0,0,0,inactive
2025-12-06,u058,inactive,0,0,0,inactive
2025-12-07,u058,inactive,0,0,0,inactive
2025-12-08,u058,inactive,0,0,0,inactive
2025-12-09,u058,inactive,0,0,0,inactive
2025-12-10,u058,inactive,0,0,1,view_only
2025-12-11,u058,view_only,1,0,0,inactive
2025-12-12,u058,inactive,0,0,0,inactive
2025-12-13,u058,inactive,0,0,0,inactive
2025-12-14,u058,inactive,0,0,0,inactive
2025-12-15,u058,inactive,0,0,0,inactive
2025-12-16,u058,inactive,0,0,0,inactive
2025-12-17,u058,inactive,0,0,0,inactive
2025-12-18,u058,inactive,0,0,0,inactive
2025-12-19,u058,inactive,0,0,1,engaged
2025-12-20,u058,engaged,1,1,1,engaged
2025-12-01,u059,inactive,0,0,0,inactive
2025-12-02,u059,inactive,0,0,0,inactive
2025-12-03,u059,inactive,0,0,1,view_only
2025-12-04,u059,view_only,1,0,0,inactive
2025-12-05,u059,inactive,0,0,0,inactive
2025-12-06,u059,inactive,0,0,0,inactive
2025-12-07,u059,inactive,0,0,0,inactive
2025-12-08,u059,inactive,0,0,0,inactive
2025-12-09,u059,inactive,0,0,0,inactive
2025-12-10,u059,inactive,0,0,0,inactive
2025-12-11,u059,inactive,0,0,0,inactive
2025-12-12,u059,inactive,0,0,0,inactive
2025-12-13,u059,inactive,0,0,0,inactive
2025-12-14,u059,inactive,0,0,1,engaged
2025-12-15,u059,engaged,1,1,0,inactive
2025-12-16,u059,inactive,0,0,1,engaged
2025-12-17,u059,engaged,1,1,0,inactive
2025-12-18,u059,inactive,0,0,0,inactive
2025-12-19,u059,inactive,0,0,0,inactive
2025-12-20,u059,inactive,0,0,0,inactive
2025-12-01,u060,inactive,0,0,0,inactive
2025-12-02,u060,inactive,0,0,0,inactive
2025-12-03,u060,inactive,0,0,0,inactive
2025-12-04,u060,inactive,0,0,0,inactive
2025-12-05,u060,inactive,0,0,0,inactive
2025-12-06,u060,inactive,0,0,0,inactive
2025-12-07,u060,inactive,0,0,0,inactive
2025-12-08,u060,inactive,0,0,0,inactive
2025-12-09,u060,inactive,0,0,0,inactive
2025-12-10,u060,inactive,0,0,0,inactive
2025-12-11,u060,inactive,0,0,0,inactive
2025-12-12,u060,inactive,0,0,0,inactive
2025-12-13,u060,inactive,0,0,0,inactive
2025-12-14,u060,inactive,0,0,0,inactive
2025-12-15,u060,inactive,0,0,0,inactive
2025-12-16,u060,inactive,0,0,0,inactive
2025-12-17,u060,inactive,0,0,1,engaged
2025-12-18,u060,engaged,1,1,0,inactive
2025-12-19,u060,inactive,0,0,0,inactive
2025-12-20,u060,inactive,0,0,0,inactive
2025-12-01,u062,inactive,0,0,0,inactive
2025-12-02,u062,inactive,0,0,0,inactive
2025-12-03,u062,inactive,0,0,0,inactive
2025-12-04,u062,inactive,0,0,0,inactive
2025-12-05,u062,inactive,0,0,0,inactive
2025-12-06,u062,inactive,0,0,0,inactive
2025-12-07,u062,inactive,0,0,0,inactive
2025-12-08,u062,inactive,0,0,0,inactive
2025-12-09,u062,inactive,0,0,0,inactive
2025-12-10,u062,inactive,0,0,0,inactive
2025-12-11,u062,inactive,0,0,0,inactive
2025-12-12,u062,inactive,0,0,1,view_only
2025-12-13,u062,view_only,1,0,0,inactive
2025-12-14,u062,inactive,0,0,0,inactive
2025-12-15,u062,inactive,0,0,0,inactive
2025-12-16,u062,inactive,0,0,0,inactive
2025-12-17,u062,inactive,0,0,0,inactive
2025-12-18,u062,inactive,0,0,0,inactive
2025-12-19,u062,inactive,0,0,0,inactive
2025-12-20,u062,inactive,0,0,0,inactive
2025-12-01,u063,inactive,0,0,0,inactive
2025-12-02,u063,inactive,0,0,0,inactive
2025-12-03,u063,inactive,0,0,0,inactive
2025-12-04,u063,inactive,0,0,0,inactive
2025-12-05,u063,inactive,0,0,0,inactive
2025-12-06,u063,inactive,0,0,0,inactive
2025-12-07,u063,inactive,0,0,0,inactive
2025-12-08,u063,inactive,0,0,0,inactive
2025-12-09,u063,inactive,0,0,0,inactive
2025-12-10,u063,inactive,0,0,0,inactive
2025-12-11,u063,inactive,0,0,1,view_only
2025-12-12,u063,view_only,1,0,0,inactive
2025-12-13,u063,inactive,0,0,0,inactive
2025-12-14,u063,inactive,0,0,0,inactive
2025-12-15,u063,inactive,0,0,0,inactive
2025-12-16,u063,inactive,0,0,0,inactive
2025-12-17,u063,inactive,0,0,0,inactive
2025-12-18,u063,inactive,0,0,1,engaged
2025-12-19,u063,engaged,1,1,0,inactive
2025-12-20,u063,inactive,0,0,0,inactive
2025-12-01,u064,inactive,0,0,0,inactive
2025-12-02,u064,inactive,0,0,0,inactive
2025-12-03,u064,inactive,0,0,0,inactive
2025-12-04,u064,inactive,0,0,0,inactive
2025-12-05,u064,inactive,0,0,1,engaged
2025-12-06,u064,engaged,1,1,0,inactive
2025-12-07,u064,inactive,0,0,0,inactive
2025-12-08,u064,inactive,0,0,0,inactive
2025-12-09,u064,inactive,0,0,0,inactive
2025-12-10,u064,inactive,0,0,0,inactive
2025-12-11,u064,inactive,0,0,0,inactive
2025-12-12,u064,inactive,0,0,0,inactive
2025-12-13,u064,inactive,0,0,0,inactive
2025-12-14,u064,inactive,0,0,0,inactive
2025-12-15,u064,inactive,0,0,0,inactive
2025-12-16,u064,inactive,0,0,0,inactive
2025-12-17,u064,inactive,0,0,0,inactive
2025-12-18,u064,inactive,0,0,0,inactive
2025-12-19,u064,inactive,0,0,0,inactive
2025-12-20,u064,inactive,0,0,0,inactive
2025-12-01,u065,inactive,0,0,1,view_only
2025-12-02,u065,view_only,1,0,0,inactive
2025-12-03,u065,inactive,0,0,0,inactive
2025-12-04,u065,inactive,0,0,0,inactive
2025-12-05,u065,inactive,0,0,0,inactive
2025-12-06,u065,inactive,0,0,0,inactive
2025-12-07,u065,inactive,0,0,0,inactive
2025-12-08,u065,inactive,0,0,0,inactive
2025-12-09,u065,inactive,0,0,0,inactive
2025-12-10,u065,inactive,0,0,0,inactive
2025-12-11,u065,inactive,0,0,0,inactive
2025-12-12,u065,inactive,0,0,0,inactive
2025-12-13,u065,inactive,0,0,0,inactive
2025-12-14,u065,inactive,0,0,0,inactive
2025-12-15,u065,inactive,0,0,0,inactive
2025-12-16,u065,inactive,0,0,0,inactive
2025-12-17,u065,inactive,0,0,0,inactive
2025-12-18,u065,inactive,0,0,1,engaged
2025-12-19,u065,engaged,1,1,1,engaged
2025-12-20,u065,engaged,1,1,0,inactive
2025-12-01,u066,inactive,0,0,0,inactive
2025-12-02,u066,inactive,0,0,1,engaged
2025-12-03,u066,engaged,1,1,0,inactive
2025-12-04,u066,inactive,0,0,0,inactive
2025-12-05,u066,inactive,0,0,0,inactive
2025-12-06,u066,inactive,0,0,0,inactive
2025-12-07,u066,inactive,0,0,0,inactive
2025-12-08,u066,inactive,0,0,0,inactive
2025-12-09,u066,inactive,0,0,0,inactive
2025-12-10,u066,inactive,0,0,1,engaged
2025-12-11,u066,engaged,1,1,0,inactive
2025-12-12,u066,inactive,0,0,0,inactive
2025-12-13,u066,inactive,0,0,0,inactive
2025-12-14,u066,inactive,0,0,0,inactive
2025-12-15,u066,inactive,0,0,0,inactive
2025-12-16,u066,inactive,0,0,1,view_only
2025-12-17,u066,view_only,1,0,0,inactive
2025-12-18,u066,inactive,0,0,0,inactive
2025-12-19,u066,inactive,0,0,1,view_only
2025-12-20,u066,view_only,1,0,0,inactive
2025-12-01,u067,inactive,0,0,1,view_only
2025-12-02,u067,view_only,1,0,0,inactive
2025-12-03,u067,inactive,0,0,0,inactive
2025-12-04,u067,inactive,0,0,0,inactive
2025-12-05,u067,inactive,0,0,0,inactive
2025-12-06,u067,inactive,0,0,0,inactive
2025-12-07,u067,inactive,0,0,0,inactive
2025-12-08,u067,inactive,0,0,0,inactive
2025-12-09,u067,inactive,0,0,0,inactive
2025-12-10,u067,inactive,0,0,0,inactive
2025-12-11,u067,inactive,0,0,0,inactive
2025-12-12,u067,inactive,0,0,0,inactive
2025-12-13,u067,inactive,0,0,0,inactive
2025-12-14,u067,inactive,0,0,0,inactive
2025-12-15,u067,inactive,0,0,0,inactive
2025-12-16,u067,inactive,0,0,0,inactive
2025-12-17,u067,inactive,0,0,0,inactive
2025-12-18,u067,inactive,0,0,0,inactive
2025-12-19,u067,inactive,0,0,0,inactive
2025-12-20,u067,inactive,0,0,0,inactive
2025-12-01,u068,inactive,0,0,0,inactive
2025-12-02,u068,inactive,0,0,0,inactive
2025-12-03,u068,inactive,0,0,0,inactive
2025-12-04,u068,inactive,0,0,0,inactive
2025-12-05,u068,inactive,0,0,1,view_only
2025-12-06,u068,view_only,1,0,0,inactive
2025-12-07,u068,inactive,0,0,0,inactive
2025-12-08,u068,inactive,0,0,0,inactive
2025-12-09,u068,inactive,0,0,0,inactive
2025-12-10,u068,inactive,0,0,1,view_only
2025-12-11,u068,view_only,1,0,0,inactive
2025-12-12,u068,inactive,0,0,0,inactive
2025-12-13,u068,inactive,0,0,0,inactive
2025-12-14,u068,inactive,0,0,0,inactive
2025-12-15,u068,inactive,0,0,0,inactive
2025-12-16,u068,inactive,0,0,0,inactive
2025-12-17,u068,inactive,0,0,1,view_only
2025-12-18,u068,view_only,1,0,0,inactive
2025-12-19,u068,inactive,0,0,0,inactive
2025-12-20,u068,inactive,0,0,0,inactive
2025-12-01,u069,inactive,0,0,0,inactive
2025-12-02,u069,inactive,0,0,0,inactive
2025-12-03,u069,inactive,0,0,0,inactive
2025-12-04,u069,inactive,0,0,0,inactive
2025-12-05,u069,inactive,0,0,0,inactive
2025-12-06,u069,inactive,0,0,1,engaged
2025-12-07,u069,engaged,1,1,0,inactive
2025-12-08,u069,inactive,0,0,0,inactive
2025-12-09,u069,inactive,0,0,0,inactive
2025-12-10,u069,inactive,0,0,0,inactive
2025-12-11,u069,inactive,0,0,0,inactive
2025-12-12,u069,inactive,0,0,0,inactive
2025-12-13,u069,inactive,0,0,0,inactive
2025-12-14,u069,inactive,0,0,1,engaged
2025-12-15,u069,engaged,1,1,0,inactive
2025-12-16,u069,inactive,0,0,0,inactive
2025-12-17,u069,inactive,0,0,0,inactive
2025-12-18,u069,inactive,0,0,0,inactive
2025-12-19,u069,inactive,0,0,0,inactive
2025-12-20,u069,inactive,0,0,0,inactive
2025-12-01,u070,inactive,0,0,0,inactive
2025-12-02,u070,inactive,0,0,0,inactive
2025-12-03,u070,inactive,0,0,0,inactive
2025-12-04,u070,inactive,0,0,0,inactive
2025-12-05,u070,inactive,0,0,0,inactive
2025-12-06,u070,inactive,0,0,0,inactive
2025-12-07,u070,inactive,0,0,0,inactive
2025-12-08,u070,inactive,0,0,0,inactive
2025-12-09,u070,inactive,0,0,0,inactive
2025-12-10,u070,inactive,0,0,0,inactive
2025-12-11,u070,inactive,0,0,1,view_only
2025-12-12,u070,view_only,1,0,0,inactive
2025-12-13,u070,inactive,0,0,0,inactive
2025-12-14,u070,inactive,0,0,0,inactive
2025-12-15,u070,inactive,0,0,0,inactive
2025-12-16,u070,inactive,0,0,0,inactive
2025-12-17,u070,inactive,0,0,0,inactive
2025-12-18,u070,inactive,0,0,0,inactive
2025-12-19,u070,inactive,0,0,0,inactive
2025-12-20,u070,inactive,0,0,0,inactive
2025-12-01,u071,engaged,1,1,0,inactive
2025-12-02,u071,inactive,0,0,0,inactive
2025-12-03,u071,inactive,0,0,1,engaged
2025-12-04,u071,engaged,1,1,0,inactive
2025-12-05,u071,inactive,0,0,0,inactive
2025-12-06,u071,inactive,0,0,0,inactive
2025-12-07,u071,inactive,0,0,0,inactive
2025-12-08,u071,inactive,0,0,0,inactive
2025-12-09,u071,inactive,0,0,1,engaged
2025-12-10,u071,engaged,1,1,1,view_only
2025-12-11,u071,view_only,1,0,0,inactive
2025-12-12,u071,inactive,0,0,0,inactive
2025-12-13,u071,inactive,0,0,1,view_only
2025-12-14,u071,view_only,1,0,0,inactive
2025-12-15,u071,inactive,0,0,0,inactive
2025-12-16,u071,inactive,0,0,0,inactive
2025-12-17,u071,inactive,0,0,0,inactive
2025-12-18,u071,inactive,0,0,0,inactive
2025-12-19,u071,inactive,0,0,0,inactive
2025-12-20,u071,inactive,0,0,1,engaged
2025-12-01,u072,inactive,0,0,0,inactive
2025-12-02,u072,inactive,0,0,0,inactive
2025-12-03,u072,inactive,0,0,0,inactive
2025-12-04,u072,inactive,0,0,0,inactive
2025-12-05,u072,inactive,0,0,0,inactive
2025-12-06,u072,inactive,0,0,1,view_only
2025-12-07,u072,view_only,1,0,0,inactive
2025-12-08,u072,inactive,0,0,0,inactive
2025-12-09,u072,inactive,0,0,0,inactive
2025-12-10,u072,inactive,0,0,0,inactive
2025-12-11,u072,inactive,0,0,0,inactive
2025-12-12,u072,inactive,0,0,0,inactive
2025-12-13,u072,inactive,0,0,1,view_only
2025-12-14,u072,view_only,1,0,0,inactive
2025-12-15,u072,inactive,0,0,1,view_only
2025-12-16,u072,view_only,1,0,0,inactive
2025-12-17,u072,inactive,0,0,0,inactive
2025-12-18,u072,inactive,0,0,0,inactive
2025-12-19,u072,inactive,0,0,1,view_only
2025-12-20,u072,view_only,1,0,0,inactive
2025-12-01,u073,inactive,0,0,0,inactive
2025-12-02,u073,inactive,0,0,0,inactive
2025-12-03,u073,inactive,0,0,0,inactive
2025-12-04,u073,inactive,0,0,0,inactive
2025-12-05,u073,inactive,0,0,0,inactive
2025-12-06,u073,inactive,0,0,0,inactive
2025-12-07,u073,inactive,0,0,1,engaged
2025-12-08,u073,engaged,1,1,0,inactive
2025-12-09,u073,inactive,0,0,0,inactive
2025-12-10,u073,inactive,0,0,0,inactive
2025-12-11,u073,inactive,0,0,0,inactive
2025-12-12,u073,inactive,0,0,0,inactive
2025-12-13,u073,inactive,0,0,0,inactive
2025-12-14,u073,inactive,0,0,0,inactive
2025-12-15,u073,inactive,0,0,0,inactive
2025-12-16,u073,inactive,0,0,0,inactive
2025-12-17,u073,inactive,0,0,0,inactive
2025-12-18,u073,inactive,0,0,0,inactive
2025-12-19,u073,inactive,0,0,0,inactive
2025-12-20,u073,inactive,0,0,0,inactive
2025-12-01,u074,inactive,0,0,0,inactive
2025-12-02,u074,inactive,0,0,1,engaged
2025-12-03,u074,engaged,1,1,0,inactive
2025-12-04,u074,inactive,0,0,0,inactive
2025-12-05,u074,inactive,0,0,0,inactive
2025-12-06,u074,inactive,0,0,1,engaged
2025-12-07,u074,engaged,1,1,0,inactive
2025-12-08,u074,inactive,0,0,0,inactive
2025-12-09,u074,inactive,0,0,1,engaged
2025-12-10,u074,engaged,1,1,0,inactive
2025-12-11,u074,inactive,0,0,0,inactive
2025-12-12,u074,inactive,0,0,0,inactive
2025-12-13,u074,inactive,0,0,1,view_only
2025-12-14,u074,view_only,1,0,0,inactive
2025-12-15,u074,inactive,0,0,0,inactive
2025-12-16,u074,inactive,0,0,0,inactive
2025-12-17,u074,inactive,0,0,0,inactive
2025-12-18,u074,inactive,0,0,0,inactive
2025-12-19,u074,inactive,0,0,0,inactive
2025-12-20,u074,inactive,0,0,0,inactive
2025-12-01,u075,inactive,0,0,1,view_only
2025-12-02,u075,view_only,1,0,1,engaged
2025-12-03,u075,engaged,1,1,0,inactive
2025-12-04,u075,inactive,0,0,0,inactive
2025-12-05,u075,inactive,0,0,0,inactive
2025-12-06,u075,inactive,0,0,0,inactive
2025-12-07,u075,inactive,0,0,0,inactive
2025-12-08,u075,inactive,0,0,0,inactive
2025-12-09,u075,inactive,0,0,0,inactive
2025-12-10,u075,inactive,0,0,0,inactive
2025-12-11,u075,inactive,0,0,0,inactive
2025-12-12,u075,inactive,0,0,0,inactive
2025-12-13,u075,inactive,0,0,0,inactive
2025-12-14,u075,inactive,0,0,0,inactive
2025-12-15,u075,inactive,0,0,0,inactive
2025-12-16,u075,inactive,0,0,0,inactive
2025-12-17,u075,inactive,0,0,1,engaged
2025-12-18,u075,engaged,1,1,0,inactive
2025-12-19,u075,inactive,0,0,0,inactive
2025-12-20,u075,inactive,0,0,1,engaged
2025-12-01,u076,view_only,1,0,0,inactive
2025-12-02,u076,inactive,0,0,0,inactive
2025-12-03,u076,inactive,0,0,0,inactive
2025-12-04,u076,inactive,0,0,0,inactive
2025-12-05,u076,inactive,0,0,0,inactive
2025-12-06,u076,inactive,0,0,0,inactive
2025-12-07,u076,inactive,0,0,0,inactive
2025-12-08,u076,inactive,0,0,0,inactive
2025-12-09,u076,inactive,0,0,0,inactive
2025-12-10,u076,inactive,0,0,0,inactive
2025-12-11,u076,inactive,0,0,0,inactive
2025-12-12,u076,inactive,0,0,0,inactive
2025-12-13,u076,inactive,0,0,0,inactive
2025-12-14,u076,inactive,0,0,0,inactive
2025-12-15,u076,inactive,0,0,0,inactive
2025-12-16,u076,inactive,0,0,0,inactive
2025-12-17,u076,inactive,0,0,1,view_only
2025-12-18,u076,view_only,1,0,0,inactive
2025-12-19,u076,inactive,0,0,1,engaged
2025-12-20,u076,engaged,1,1,0,inactive
2025-12-01,u077,inactive,0,0,0,inactive
2025-12-02,u077,inactive,0,0,0,inactive
2025-12-03,u077,inactive,0,0,1,engaged
2025-12-04,u077,engaged,1,1,0,inactive
2025-12-05,u077,inactive,0,0,1,view_only
2025-12-06,u077,view_only,1,0,0,inactive
2025-12-07,u077,inactive,0,0,0,inactive
2025-12-08,u077,inactive,0,0,1,view_only
2025-12-09,u077,view_only,1,0,0,inactive
2025-12-10,u077,inactive,0,0,0,inactive
2025-12-11,u077,inactive,0,0,0,inactive
2025-12-12,u077,inactive,0,0,0,inactive
2025-12-13,u077,inactive,0,0,0,inactive
2025-12-14,u077,inactive,0,0,0,inactive
2025-12-15,u077,inactive,0,0,0,inactive
2025-12-16,u077,inactive,0,0,0,inactive
2025-12-17,u077,inactive,0,0,0,inactive
2025-12-18,u077,inactive,0,0,0,inactive
2025-12-19,u077,inactive,0,0,1,engaged
2025-12-20,u077,engaged,1,1,0,inactive
2025-12-01,u078,inactive,0,0,0,inactive
2025-12-02,u078,inactive,0,0,0,inactive
2025-12-03,u078,inactive,0,0,0,inactive
2025-12-04,u078,inactive,0,0,0,inactive
2025-12-05,u078,inactive,0,0,0,inactive
2025-12-06,u078,inactive,0,0,1,engaged
2025-12-07,u078,engaged,1,1,0,inactive
2025-12-08,u078,inactive,0,0,0,inactive
2025-12-09,u078,inactive,0,0,0,inactive
2025-12-10,u078,inactive,0,0,0,inactive
2025-12-11,u078,inactive,0,0,0,inactive
2025-12-12,u078,inactive,0,0,0,inactive
2025-12-13,u078,inactive,0,0,0,inactive
2025-12-14,u078,inactive,0,0,0,inactive
2025-12-15,u078,inactive,0,0,0,inactive
2025-12-16,u078,inactive,0,0,0,inactive
2025-12-17,u078,inactive,0,0,0,inactive
2025-12-18,u078,inactive,0,0,0,inactive
2025-12-19,u078,inactive,0,0,0,inactive
2025-12-20,u078,inactive,0,0,1,engaged
2025-12-01,u079,inactive,0,0,1,engaged
2025-12-02,u079,engaged,1,1,0,inactive
2025-12-03,u079,inactive,0,0,0,inactive
2025-12-04,u079,inactive,0,0,0,inactive
2025-12-05,u079,inactive,0,0,0,inactive
2025-12-06,u079,inactive,0,0,0,inactive
2025-12-07,u079,inactive,0,0,0,inactive
2025-12-08,u079,inactive,0,0,0,inactive
2025-12-09,u079,inactive,0,0,0,inactive
2025-12-10,u079,inactive,0,0,0,inactive
2025-12-11,u079,inactive,0,0,0,inactive
2025-12-12,u079,inactive,0,0,0,inactive
2025-12-13,u079,inactive,0,0,0,inactive
2025-12-14,u079,inactive,0,0,0,inactive
2025-12-15,u079,inactive,0,0,0,inactive
2025-12-16,u079,inactive,0,0,1,view_only
2025-12-17,u079,view_only,1,0,0,inactive
2025-12-18,u079,inactive,0,0,0,inactive
2025-12-19,u079,inactive,0,0,0,inactive
2025-12-20,u079,inactive,0,0,0,inactive
