month,avg_dau,avg_d1_retention,mau
2011-06,33.2,0.4891416635832207,131
2011-07,15.161290322580646,0.38881934947549646,154
2011-08,15.709677419354838,0.3325052153677511,172
2011-09,14.666666666666666,0.38159681277328333,143
2011-10,16.06451612903226,0.38054203464921305,173
2011-11,17.566666666666666,0.40972566190832443,180
2011-12,17.806451612903224,0.4108917421382899,169
2012-01,20.64516129032258,0.38670361779186346,207
2012-02,19.896551724137932,0.3867216487978047,193
2012-03,17.806451612903224,0.36155377258825006,169
2012-04,16.866666666666667,0.3246310356285454,173
2012-05,20.70967741935484,0.32986928104887414,190
2012-06,22.966666666666665,0.35364896053097195,229
2012-07,16.70967741935484,0.29646691073255016,189
2012-08,18.70967741935484,0.30501837817771665,213
2012-09,18.9,0.3559358497689885,194
2012-10,18.161290322580644,0.2946525090974806,212
2012-11,16.633333333333333,0.2523966399641681,201
2012-12,18.612903225806452,0.3176057924685147,195
2013-01,23.483870967741936,0.32200612643224874,251
2013-02,30.928571428571427,0.3418673470292063,297
2013-03,31.516129032258064,0.3398229725252214,331
2013-04,27.533333333333335,0.3229660332715455,292
2013-05,26.129032258064516,0.30650580553093065,285
2013-06,25.533333333333335,0.3332208301624252,302
2013-07,24.64516129032258,0.31159049106059067,298
2013-08,25.129032258064516,0.3346108190819556,295
2013-09,26.4,0.3452787687212954,292
2013-10,23.806451612903224,0.34311596816915635,277
2013-11,22.4,0.30822289467629405,294
2013-12,25.741935483870968,0.35125413852684867,299
2014-01,28.612903225806452,0.3564951509949092,329
2014-02,30.75,0.2964563819863388,375
2014-03,39.54838709677419,0.34615108823521745,512
2014-04,39.36666666666667,0.3308339513722094,494
2014-05,45.064516129032256,0.3228230121315803,577
2014-06,48.06666666666667,0.30647615355279273,631
2014-07,47.87096774193548,0.2849499903300373,672
2014-08,48.41935483870968,0.3045315518609796,638
2014-09,42.03333333333333,0.272555366834128,570
2014-10,42.193548387096776,0.28170127278382806,568
2014-11,42.233333333333334,0.3371112648740272,532
2014-12,47.12903225806452,0.3054503054640217,619
2015-01,48.54838709677419,0.3025672672393188,637
2015-02,47.42857142857143,0.2997381176699742,606
2015-03,53.61290322580645,0.3100164275000949,729
2015-04,53.43333333333333,0.32075039908200775,717
2015-05,64.29032258064517,0.3079773252952211,865
2015-06,77.0,0.3318783495119095,950
2015-07,59.806451612903224,0.3231728571554965,814
2015-08,58.29032258064516,0.3158096613869198,786
2015-09,63.13333333333333,0.32590495012949167,768
2015-10,47.16129032258065,0.2918620235259994,633
2015-11,55.3,0.28600718297396005,731
2015-12,54.483870967741936,0.32810982459104515,686
2016-01,59.03225806451613,0.3134221804892928,757
2016-02,58.172413793103445,0.3094656832638124,709
2016-03,57.483870967741936,0.31259445391050555,728
2016-04,64.23333333333333,0.32947488194034236,820
2016-05,74.16129032258064,0.3276206986684626,985
2016-06,89.5,0.34491212783401376,1136
2016-07,90.38709677419355,0.3175850086617884,1184
2016-08,93.7741935483871,0.32707497650007206,1224
2016-09,91.23333333333333,0.3444858611548006,1107
2016-10,79.48387096774194,0.33813411599501386,1011
2016-11,66.4,0.31175358642781154,872
2016-12,70.12903225806451,0.3340606859905735,900
2017-01,74.41935483870968,0.3144715145360452,1021
2017-02,71.60714285714286,0.32670912970420185,914
2017-03,76.80645161290323,0.304843259079835,1060
2017-04,67.13333333333334,0.31775620391323034,874
2017-05,67.48387096774194,0.3043012894922368,968
2017-06,80.46666666666667,0.2986675328975228,1073
2017-07,81.35483870967742,0.29767042679927025,1148
2017-08,81.7741935483871,0.2985990821549552,1124
2017-09,72.16666666666667,0.26562837255409316,1018
2017-10,69.74193548387096,0.27637531159140366,962
2017-11,64.86666666666666,0.29976449929905785,836
2017-12,65.51612903225806,0.2792965191211479,879
2018-01,64.96774193548387,0.28471898967938525,906
2018-02,68.67857142857143,0.28900594132120905,896
2018-03,67.06451612903226,0.2659948048140021,985
2018-04,76.4,0.3003957701870695,1071
2018-05,78.16129032258064,0.29509094552070986,1112
2018-06,69.66666666666667,0.272099670991369,983
2018-07,81.83870967741936,0.2891053340512216,1146
2018-08,78.06451612903226,0.312800019735861,1050
2018-09,68.26666666666667,0.28760929738563795,890
2018-10,75.87096774193549,0.3011821818319643,1069
2018-11,68.13333333333334,0.3081419960200946,937
2018-12,69.12903225806451,0.2833050196697149,1016
2019-01,83.58064516129032,0.3066276227055711,1171
2019-02,78.21428571428571,0.295751386207417,1043
2019-03,72.70967741935483,0.296801916650504,1063
2019-04,72.16666666666667,0.2662479677471151,1057
2019-05,84.6774193548387,0.2741204376210607,1252
2019-06,70.53333333333333,0.27690111532070394,1007
2019-07,72.87096774193549,0.28398549853266725,1072
2019-08,74.80645161290323,0.2902484144938478,1068
2019-09,76.26666666666667,0.3342551185907686,1011
2019-10,60.96774193548387,0.3140168183657785,822
2019-11,60.06666666666667,0.2968331090046442,807
2019-12,62.83870967741935,0.31212345157276883,842
2020-01,72.93548387096774,0.29064146401449226,998
2020-02,66.58620689655173,0.2858442329992988,888
2020-03,51.41935483870968,0.2941243193696271,703
2020-04,32.4,0.26726003911767227,437
2020-05,25.903225806451612,0.27844852851559126,360
2020-06,30.666666666666668,0.2802311136988716,403
2020-07,36.064516129032256,0.2798063320193671,483
2020-08,32.41935483870968,0.3118865193469148,410
2020-09,27.066666666666666,0.3046436118622345,351
2020-10,28.322580645161292,0.25299920883067994,377
2020-11,20.466666666666665,0.22007149186514272,316
2020-12,27.774193548387096,0.2770666134545525,396
2021-01,30.516129032258064,0.2569072633148515,434
2021-02,22.607142857142858,0.24041917085992998,291
2021-03,25.35483870967742,0.2584207206643295,330
2021-04,24.733333333333334,0.27018080796642285,342
2021-05,28.93548387096774,0.2851422885459934,394
2021-06,30.8,0.27877241661961116,407
2021-07,29.06451612903226,0.24714101160399982,420
2021-08,31.483870967741936,0.2651086068388004,453
2021-09,29.633333333333333,0.2747712471184027,411
2021-10,32.12903225806452,0.2579082050482938,437
2021-11,29.766666666666666,0.2747019211424452,397
2021-12,27.322580645161292,0.2671817606154559,388
2022-01,28.35483870967742,0.27944669409436407,396
2022-02,24.714285714285715,0.25153383835444804,335
2022-03,29.967741935483872,0.3213909470566634,386
2022-04,28.533333333333335,0.2602954837331069,392
2022-05,28.806451612903224,0.2843570652612835,410
2022-06,38.63333333333333,0.2555753061848113,514
2022-07,38.41935483870968,0.32493091029430043,466
2022-08,40.54838709677419,0.3390980410875023,514
2022-09,35.86666666666667,0.2800334606429596,483
2022-10,38.25806451612903,0.29590150415957106,522
2022-11,36.06666666666667,0.27661256750669594,498
2022-12,36.61290322580645,0.28803081454116364,502
2023-01,34.193548387096776,0.32978695607396397,446
2023-02,37.75,0.28992242509665545,450
2023-03,37.774193548387096,0.2783370398065643,511
2023-04,31.433333333333334,0.291321819335063,403
2023-05,35.87096774193548,0.2974111995541465,473
2023-06,37.2,0.31760154545375596,479
2023-07,36.25806451612903,0.323963736653086,478
2023-08,36.38709677419355,0.2690736043539314,490
2023-09,33.8,0.30620356093417744,434
2023-10,33.096774193548384,0.26717716147435744,438
2023-11,29.3,0.31994604121144826,381
2023-12,31.419354838709676,0.30033903722230615,397
2024-01,37.193548387096776,0.31767931475286026,489
2024-02,37.55172413793103,0.31770358333058674,467
2024-03,35.38709677419355,0.30280992523675654,486
