event_date,dau
2011-06-21,36
2011-06-22,52
2011-06-23,33
2011-06-24,30
2011-06-25,17
2011-06-26,14
2011-06-27,26
2011-06-28,38
2011-06-29,61
2011-06-30,25
2011-07-01,18
2011-07-02,14
2011-07-03,13
2011-07-04,16
2011-07-05,21
2011-07-06,14
2011-07-07,20
2011-07-08,14
2011-07-09,13
2011-07-10,17
2011-07-11,26
2011-07-12,21
2011-07-13,19
2011-07-14,12
2011-07-15,17
2011-07-16,13
2011-07-17,11
2011-07-18,21
2011-07-19,14
2011-07-20,19
2011-07-21,13
2011-07-22,14
2011-07-23,7
2011-07-24,9
2011-07-25,13
2011-07-26,15
2011-07-27,11
2011-07-28,18
2011-07-29,14
2011-07-30,7
2011-07-31,16
2011-08-01,31
2011-08-02,24
2011-08-03,15
2011-08-04,13
2011-08-05,13
2011-08-06,20
2011-08-07,12
2011-08-08,18
2011-08-09,15
2011-08-10,17
2011-08-11,8
2011-08-12,14
2011-08-13,14
2011-08-14,9
2011-08-15,21
2011-08-16,17
2011-08-17,15
2011-08-18,9
2011-08-19,11
2011-08-20,3
2011-08-21,5
2011-08-22,19
2011-08-23,20
2011-08-24,25
2011-08-25,23
2011-08-26,25
2011-08-27,15
2011-08-28,12
2011-08-29,10
2011-08-30,16
2011-08-31,18
2011-09-01,18
2011-09-02,16
2011-09-03,4
2011-09-04,8
2011-09-05,11
2011-09-06,24
2011-09-07,13
2011-09-08,9
2011-09-09,17
2011-09-10,9
2011-09-11,9
2011-09-12,16
2011-09-13,14
2011-09-14,16
2011-09-15,15
2011-09-16,20
2011-09-17,14
2011-09-18,10
2011-09-19,11
2011-09-20,18
2011-09-21,14
2011-09-22,28
2011-09-23,18
2011-09-24,14
2011-09-25,6
2011-09-26,24
2011-09-27,21
2011-09-28,13
2011-09-29,17
2011-09-30,13
2011-10-01,13
2011-10-02,18
2011-10-03,23
2011-10-04,14
2011-10-05,16
2011-10-06,9
2011-10-07,18
2011-10-08,8
2011-10-09,16
2011-10-10,14
2011-10-11,6
2011-10-12,9
2011-10-13,17
2011-10-14,10
2011-10-15,13
2011-10-16,15
2011-10-17,16
2011-10-18,16
2011-10-19,23
2011-10-20,20
2011-10-21,11
2011-10-22,14
2011-10-23,16
2011-10-24,18
2011-10-25,7
2011-10-26,26
2011-10-27,21
2011-10-28,41
2011-10-29,17
2011-10-30,8
2011-10-31,25
2011-11-01,14
2011-11-02,20
2011-11-03,21
2011-11-04,16
2011-11-05,18
2011-11-06,16
2011-11-07,33
2011-11-08,21
2011-11-09,30
2011-11-10,28
2011-11-11,7
2011-11-12,13
2011-11-13,8
2011-11-14,15
2011-11-15,19
2011-11-16,17
2011-11-17,19
2011-11-18,18
2011-11-19,7
2011-11-20,7
2011-11-21,16
2011-11-22,18
2011-11-23,20
2011-11-24,11
2011-11-25,17
2011-11-26,14
2011-11-27,10
2011-11-28,18
2011-11-29,32
2011-11-30,24
2011-12-01,20
2011-12-02,23
2011-12-03,10
2011-12-04,12
2011-12-05,20
2011-12-06,19
2011-12-07,29
2011-12-08,19
2011-12-09,22
2011-12-10,13
2011-12-11,8
2011-12-12,23
2011-12-13,22
2011-12-14,22
2011-12-15,19
2011-12-16,22
2011-12-17,15
2011-12-18,12
2011-12-19,21
2011-12-20,24
2011-12-21,21
2011-12-22,22
2011-12-23,14
2011-12-24,11
2011-12-25,10
2011-12-26,12
2011-12-27,19
2011-12-28,24
2011-12-29,23
2011-12-30,16
2011-12-31,5
2012-01-01,10
2012-01-02,16
2012-01-03,13
2012-01-04,23
2012-01-05,14
2012-01-06,4
2012-01-07,12
2012-01-08,16
2012-01-09,18
2012-01-10,21
2012-01-11,26
2012-01-12,27
2012-01-13,25
2012-01-14,8
2012-01-15,10
2012-01-16,24
2012-01-17,24
2012-01-18,27
2012-01-19,24
2012-01-20,21
2012-01-21,19
2012-01-22,17
2012-01-23,33
2012-01-24,29
2012-01-25,23
2012-01-26,25
2012-01-27,20
2012-01-28,14
2012-01-29,24
2012-01-30,37
2012-01-31,36
2012-02-01,21
2012-02-02,40
2012-02-03,17
2012-02-04,12
2012-02-05,13
2012-02-06,15
2012-02-07,23
2012-02-08,33
2012-02-09,25
2012-02-10,17
2012-02-11,12
2012-02-12,14
2012-02-13,28
2012-02-14,22
2012-02-15,21
2012-02-16,26
2012-02-17,14
2012-02-18,10
2012-02-19,17
2012-02-20,31
2012-02-21,27
2012-02-22,24
2012-02-23,20
2012-02-24,17
2012-02-25,12
2012-02-26,13
2012-02-27,20
2012-02-28,17
2012-02-29,16
2012-03-01,19
2012-03-02,16
2012-03-03,9
2012-03-04,13
2012-03-05,22
2012-03-06,23
2012-03-07,16
2012-03-08,25
2012-03-09,14
2012-03-10,9
2012-03-11,16
2012-03-12,13
2012-03-13,21
2012-03-14,22
2012-03-15,26
2012-03-16,21
2012-03-17,10
2012-03-18,15
2012-03-19,18
2012-03-20,29
2012-03-21,12
2012-03-22,16
2012-03-23,21
2012-03-24,12
2012-03-25,17
2012-03-26,21
2012-03-27,20
2012-03-28,18
2012-03-29,21
2012-03-30,22
2012-03-31,15
2012-04-01,9
2012-04-02,19
2012-04-03,20
2012-04-04,15
2012-04-05,23
2012-04-06,11
2012-04-07,10
2012-04-08,12
2012-04-09,8
2012-04-10,15
2012-04-11,18
2012-04-12,16
2012-04-13,23
2012-04-14,16
2012-04-15,25
2012-04-16,18
2012-04-17,25
2012-04-18,16
2012-04-19,15
2012-04-20,18
2012-04-21,9
2012-04-22,17
2012-04-23,21
2012-04-24,21
2012-04-25,18
2012-04-26,20
2012-04-27,22
2012-04-28,17
2012-04-29,8
2012-04-30,21
2012-05-01,17
2012-05-02,20
2012-05-03,24
2012-05-04,30
2012-05-05,12
2012-05-06,11
2012-05-07,23
2012-05-08,25
2012-05-09,30
2012-05-10,23
2012-05-11,12
2012-05-12,19
2012-05-13,15
2012-05-14,31
2012-05-15,26
2012-05-16,22
2012-05-17,18
2012-05-18,13
2012-05-19,9
2012-05-20,17
2012-05-21,20
2012-05-22,25
2012-05-23,23
2012-05-24,28
2012-05-25,22
2012-05-26,16
2012-05-27,21
2012-05-28,16
2012-05-29,22
2012-05-30,25
2012-05-31,27
2012-06-01,23
2012-06-02,15
2012-06-03,16
2012-06-04,20
2012-06-05,15
2012-06-06,20
2012-06-07,21
2012-06-08,20
2012-06-09,11
2012-06-10,15
2012-06-11,27
2012-06-12,24
2012-06-13,22
2012-06-14,52
2012-06-15,40
2012-06-16,12
2012-06-17,20
2012-06-18,25
2012-06-19,36
2012-06-20,20
2012-06-21,29
2012-06-22,31
2012-06-23,24
2012-06-24,21
2012-06-25,27
2012-06-26,23
2012-06-27,17
2012-06-28,19
2012-06-29,24
2012-06-30,20
2012-07-01,19
2012-07-02,19
2012-07-03,23
2012-07-04,14
2012-07-05,21
2012-07-06,19
2012-07-07,7
2012-07-08,14
2012-07-09,17
2012-07-10,27
2012-07-11,22
2012-07-12,21
2012-07-13,9
2012-07-14,11
2012-07-15,8
2012-07-16,17
2012-07-17,19
2012-07-18,21
2012-07-19,17
2012-07-20,20
2012-07-21,9
2012-07-22,17
2012-07-23,12
2012-07-24,34
2012-07-25,12
2012-07-26,16
2012-07-27,20
2012-07-28,6
2012-07-29,9
2012-07-30,21
2012-07-31,17
2012-08-01,6
2012-08-02,17
2012-08-03,18
2012-08-04,9
2012-08-05,9
2012-08-06,21
2012-08-07,23
2012-08-08,19
2012-08-09,19
2012-08-10,27
2012-08-11,17
2012-08-12,22
2012-08-13,24
2012-08-14,16
2012-08-15,18
2012-08-16,27
2012-08-17,19
2012-08-18,11
2012-08-19,22
2012-08-20,22
2012-08-21,22
2012-08-22,19
2012-08-23,22
2012-08-24,19
2012-08-25,17
2012-08-26,12
2012-08-27,25
2012-08-28,25
2012-08-29,21
2012-08-30,15
2012-08-31,17
2012-09-01,11
2012-09-02,10
2012-09-03,29
2012-09-04,19
2012-09-05,15
2012-09-06,21
2012-09-07,21
2012-09-08,10
2012-09-09,20
2012-09-10,18
2012-09-11,21
2012-09-12,24
2012-09-13,24
2012-09-14,25
2012-09-15,16
2012-09-16,20
2012-09-17,26
2012-09-18,24
2012-09-19,23
2012-09-20,33
2012-09-21,19
2012-09-22,11
2012-09-23,14
2012-09-24,17
2012-09-25,22
2012-09-26,13
2012-09-27,13
2012-09-28,19
2012-09-29,11
2012-09-30,18
2012-10-01,18
2012-10-02,18
2012-10-03,13
2012-10-04,17
2012-10-05,34
2012-10-06,10
2012-10-07,16
2012-10-08,20
2012-10-09,22
2012-10-10,28
2012-10-11,22
2012-10-12,16
2012-10-13,9
2012-10-14,15
2012-10-15,20
2012-10-16,14
2012-10-17,24
2012-10-18,22
2012-10-19,32
2012-10-20,13
2012-10-21,13
2012-10-22,16
2012-10-23,15
2012-10-24,14
2012-10-25,17
2012-10-26,16
2012-10-27,4
2012-10-28,17
2012-10-29,22
2012-10-30,24
2012-10-31,22
2012-11-01,19
2012-11-02,17
2012-11-03,11
2012-11-04,11
2012-11-05,13
2012-11-06,16
2012-11-07,21
2012-11-08,10
2012-11-09,13
2012-11-10,12
2012-11-11,10
2012-11-12,30
2012-11-13,22
2012-11-14,12
2012-11-15,14
2012-11-16,16
2012-11-17,11
2012-11-18,10
2012-11-19,23
2012-11-20,27
2012-11-21,18
2012-11-22,15
2012-11-23,18
2012-11-24,18
2012-11-25,17
2012-11-26,20
2012-11-27,14
2012-11-28,26
2012-11-29,19
2012-11-30,16
2012-12-01,17
2012-12-02,9
2012-12-03,37
2012-12-04,23
2012-12-05,17
2012-12-06,21
2012-12-07,21
2012-12-08,14
2012-12-09,18
2012-12-10,29
2012-12-11,22
2012-12-12,27
2012-12-13,15
2012-12-14,15
2012-12-15,6
2012-12-16,14
2012-12-17,26
2012-12-18,22
2012-12-19,17
2012-12-20,28
2012-12-21,14
2012-12-22,19
2012-12-23,25
2012-12-24,23
2012-12-25,12
2012-12-26,16
2012-12-27,13
2012-12-28,12
2012-12-29,12
2012-12-30,13
2012-12-31,20
2013-01-01,7
2013-01-02,17
2013-01-03,14
2013-01-04,20
2013-01-05,23
2013-01-06,22
2013-01-07,20
2013-01-08,20
2013-01-09,29
2013-01-10,35
2013-01-11,23
2013-01-12,14
2013-01-13,15
2013-01-14,17
2013-01-15,35
2013-01-16,27
2013-01-17,19
2013-01-18,14
2013-01-19,7
2013-01-20,16
2013-01-21,20
2013-01-22,36
2013-01-23,32
2013-01-24,31
2013-01-25,41
2013-01-26,18
2013-01-27,29
2013-01-28,38
2013-01-29,37
2013-01-30,25
2013-01-31,27
2013-02-01,26
2013-02-02,19
2013-02-03,19
2013-02-04,23
2013-02-05,28
2013-02-06,32
2013-02-07,37
2013-02-08,35
2013-02-09,24
2013-02-10,31
2013-02-11,36
2013-02-12,38
2013-02-13,54
2013-02-14,43
2013-02-15,26
2013-02-16,17
2013-02-17,16
2013-02-18,42
2013-02-19,38
2013-02-20,37
2013-02-21,42
2013-02-22,30
2013-02-23,16
2013-02-24,21
2013-02-25,41
2013-02-26,34
2013-02-27,34
2013-02-28,27
2013-03-01,33
2013-03-02,31
2013-03-03,41
2013-03-04,56
2013-03-05,40
2013-03-06,37
2013-03-07,42
2013-03-08,39
2013-03-09,23
2013-03-10,33
2013-03-11,35
2013-03-12,27
2013-03-13,31
2013-03-14,31
2013-03-15,25
2013-03-16,23
2013-03-17,28
2013-03-18,29
2013-03-19,33
2013-03-20,36
2013-03-21,32
2013-03-22,28
2013-03-23,15
2013-03-24,27
2013-03-25,35
2013-03-26,42
2013-03-27,42
2013-03-28,32
2013-03-29,15
2013-03-30,19
2013-03-31,17
2013-04-01,29
2013-04-02,30
2013-04-03,34
2013-04-04,28
2013-04-05,20
2013-04-06,27
2013-04-07,27
2013-04-08,35
2013-04-09,33
2013-04-10,22
2013-04-11,14
2013-04-12,27
2013-04-13,17
2013-04-14,24
2013-04-15,29
2013-04-16,31
2013-04-17,32
2013-04-18,41
2013-04-19,32
2013-04-20,23
2013-04-21,27
2013-04-22,33
2013-04-23,24
2013-04-24,31
2013-04-25,30
2013-04-26,31
2013-04-27,23
2013-04-28,18
2013-04-29,27
2013-04-30,27
2013-05-01,27
2013-05-02,30
2013-05-03,25
2013-05-04,19
2013-05-05,19
2013-05-06,36
2013-05-07,34
2013-05-08,28
2013-05-09,35
2013-05-10,31
2013-05-11,18
2013-05-12,15
2013-05-13,23
2013-05-14,38
2013-05-15,29
2013-05-16,31
2013-05-17,40
2013-05-18,18
2013-05-19,28
2013-05-20,18
2013-05-21,28
2013-05-22,23
2013-05-23,25
2013-05-24,22
2013-05-25,16
2013-05-26,15
2013-05-27,23
2013-05-28,31
2013-05-29,31
2013-05-30,32
2013-05-31,22
2013-06-01,18
2013-06-02,28
2013-06-03,26
2013-06-04,13
2013-06-05,20
2013-06-06,20
2013-06-07,23
2013-06-08,11
2013-06-09,17
2013-06-10,34
2013-06-11,29
2013-06-12,27
2013-06-13,37
2013-06-14,21
2013-06-15,21
2013-06-16,38
2013-06-17,44
2013-06-18,35
2013-06-19,23
2013-06-20,35
2013-06-21,28
2013-06-22,17
2013-06-23,27
2013-06-24,19
2013-06-25,31
2013-06-26,39
2013-06-27,36
2013-06-28,21
2013-06-29,11
2013-06-30,17
2013-07-01,21
2013-07-02,17
2013-07-03,27
2013-07-04,23
2013-07-05,24
2013-07-06,10
2013-07-07,19
2013-07-08,33
2013-07-09,23
2013-07-10,26
2013-07-11,24
2013-07-12,20
2013-07-13,12
2013-07-14,20
2013-07-15,32
2013-07-16,32
2013-07-17,24
2013-07-18,33
2013-07-19,28
2013-07-20,21
2013-07-21,18
2013-07-22,35
2013-07-23,31
2013-07-24,25
2013-07-25,31
2013-07-26,20
2013-07-27,15
2013-07-28,17
2013-07-29,32
2013-07-30,32
2013-07-31,39
2013-08-01,30
2013-08-02,16
2013-08-03,19
2013-08-04,25
2013-08-05,23
2013-08-06,27
2013-08-07,23
2013-08-08,22
2013-08-09,30
2013-08-10,20
2013-08-11,26
2013-08-12,29
2013-08-13,28
2013-08-14,34
2013-08-15,28
2013-08-16,35
2013-08-17,18
2013-08-18,28
2013-08-19,38
2013-08-20,38
2013-08-21,21
2013-08-22,32
2013-08-23,36
2013-08-24,13
2013-08-25,16
2013-08-26,22
2013-08-27,17
2013-08-28,27
2013-08-29,19
2013-08-30,21
2013-08-31,18
2013-09-01,18
2013-09-02,44
2013-09-03,43
2013-09-04,24
2013-09-05,20
2013-09-06,22
2013-09-07,14
2013-09-08,29
2013-09-09,27
2013-09-10,38
2013-09-11,32
2013-09-12,30
2013-09-13,31
2013-09-14,14
2013-09-15,9
2013-09-16,26
2013-09-17,33
2013-09-18,30
2013-09-19,25
2013-09-20,25
2013-09-21,7
2013-09-22,20
2013-09-23,29
2013-09-24,32
2013-09-25,26
2013-09-26,31
2013-09-27,42
2013-09-28,23
2013-09-29,20
2013-09-30,28
2013-10-01,26
2013-10-02,44
2013-10-03,28
2013-10-04,24
2013-10-05,17
2013-10-06,23
2013-10-07,31
2013-10-08,35
2013-10-09,33
2013-10-10,30
2013-10-11,21
2013-10-12,18
2013-10-13,6
2013-10-14,19
2013-10-15,30
2013-10-16,28
2013-10-17,18
2013-10-18,19
2013-10-19,12
2013-10-20,21
2013-10-21,31
2013-10-22,40
2013-10-23,18
2013-10-24,24
2013-10-25,23
2013-10-26,15
2013-10-27,15
2013-10-28,23
2013-10-29,18
2013-10-30,24
2013-10-31,24
2013-11-01,23
2013-11-02,14
2013-11-03,17
2013-11-04,28
2013-11-05,27
2013-11-06,25
2013-11-07,22
2013-11-08,23
2013-11-09,14
2013-11-10,12
2013-11-11,32
2013-11-12,21
2013-11-13,26
2013-11-14,24
2013-11-15,25
2013-11-16,9
2013-11-17,21
2013-11-18,23
2013-11-19,31
2013-11-20,21
2013-11-21,34
2013-11-22,21
2013-11-23,14
2013-11-24,19
2013-11-25,29
2013-11-26,30
2013-11-27,25
2013-11-28,29
2013-11-29,21
2013-11-30,12
2013-12-01,13
2013-12-02,28
2013-12-03,18
2013-12-04,27
2013-12-05,30
2013-12-06,37
2013-12-07,20
2013-12-08,18
2013-12-09,18
2013-12-10,30
2013-12-11,34
2013-12-12,25
2013-12-13,20
2013-12-14,16
2013-12-15,24
2013-12-16,38
2013-12-17,41
2013-12-18,37
2013-12-19,32
2013-12-20,18
2013-12-21,12
2013-12-22,16
2013-12-23,27
2013-12-24,17
2013-12-25,25
2013-12-26,26
2013-12-27,33
2013-12-28,33
2013-12-29,27
2013-12-30,39
2013-12-31,19
2014-01-01,19
2014-01-02,28
2014-01-03,23
2014-01-04,21
2014-01-05,20
2014-01-06,31
2014-01-07,36
2014-01-08,26
2014-01-09,35
2014-01-10,15
2014-01-11,21
2014-01-12,22
2014-01-13,32
2014-01-14,34
2014-01-15,32
2014-01-16,31
2014-01-17,25
2014-01-18,24
2014-01-19,22
2014-01-20,51
2014-01-21,41
2014-01-22,35
2014-01-23,32
2014-01-24,31
2014-01-25,21
2014-01-26,27
2014-01-27,31
2014-01-28,38
2014-01-29,21
2014-01-30,28
2014-01-31,34
2014-02-01,18
2014-02-02,21
2014-02-03,34
2014-02-04,34
2014-02-05,38
2014-02-06,30
2014-02-07,37
2014-02-08,33
2014-02-09,23
2014-02-10,22
2014-02-11,34
2014-02-12,23
2014-02-13,38
2014-02-14,22
2014-02-15,16
2014-02-16,23
2014-02-17,31
2014-02-18,31
2014-02-19,36
2014-02-20,27
2014-02-21,22
2014-02-22,21
2014-02-23,35
2014-02-24,44
2014-02-25,41
2014-02-26,28
2014-02-27,52
2014-02-28,47
2014-03-01,25
2014-03-02,26
2014-03-03,46
2014-03-04,46
2014-03-05,49
2014-03-06,49
2014-03-07,34
2014-03-08,25
2014-03-09,23
2014-03-10,36
2014-03-11,50
2014-03-12,59
2014-03-13,41
2014-03-14,29
2014-03-15,12
2014-03-16,28
2014-03-17,55
2014-03-18,54
2014-03-19,50
2014-03-20,34
2014-03-21,49
2014-03-22,32
2014-03-23,29
2014-03-24,57
2014-03-25,46
2014-03-26,45
2014-03-27,44
2014-03-28,45
2014-03-29,35
2014-03-30,27
2014-03-31,46
2014-04-01,60
2014-04-02,32
2014-04-03,55
2014-04-04,49
2014-04-05,29
2014-04-06,42
2014-04-07,48
2014-04-08,36
2014-04-09,48
2014-04-10,38
2014-04-11,44
2014-04-12,23
2014-04-13,20
2014-04-14,40
2014-04-15,38
2014-04-16,50
2014-04-17,39
2014-04-18,27
2014-04-19,25
2014-04-20,28
2014-04-21,31
2014-04-22,39
2014-04-23,42
2014-04-24,55
2014-04-25,38
2014-04-26,25
2014-04-27,39
2014-04-28,53
2014-04-29,41
2014-04-30,47
2014-05-01,40
2014-05-02,45
2014-05-03,31
2014-05-04,38
2014-05-05,42
2014-05-06,61
2014-05-07,63
2014-05-08,44
2014-05-09,40
2014-05-10,34
2014-05-11,28
2014-05-12,58
2014-05-13,42
2014-05-14,47
2014-05-15,36
2014-05-16,31
2014-05-17,24
2014-05-18,20
2014-05-19,84
2014-05-20,92
2014-05-21,58
2014-05-22,47
2014-05-23,52
2014-05-24,20
2014-05-25,38
2014-05-26,45
2014-05-27,40
2014-05-28,60
2014-05-29,52
2014-05-30,51
2014-05-31,34
2014-06-01,32
2014-06-02,44
2014-06-03,43
2014-06-04,52
2014-06-05,42
2014-06-06,54
2014-06-07,22
2014-06-08,32
2014-06-09,50
2014-06-10,64
2014-06-11,55
2014-06-12,49
2014-06-13,52
2014-06-14,25
2014-06-15,44
2014-06-16,59
2014-06-17,56
2014-06-18,75
2014-06-19,86
2014-06-20,60
2014-06-21,32
2014-06-22,35
2014-06-23,55
2014-06-24,66
2014-06-25,52
2014-06-26,43
2014-06-27,53
2014-06-28,37
2014-06-29,26
2014-06-30,47
2014-07-01,43
2014-07-02,61
2014-07-03,65
2014-07-04,54
2014-07-05,29
2014-07-06,38
2014-07-07,54
2014-07-08,53
2014-07-09,48
2014-07-10,37
2014-07-11,52
2014-07-12,29
2014-07-13,51
2014-07-14,40
2014-07-15,58
2014-07-16,63
2014-07-17,61
2014-07-18,50
2014-07-19,35
2014-07-20,25
2014-07-21,40
2014-07-22,52
2014-07-23,47
2014-07-24,50
2014-07-25,41
2014-07-26,25
2014-07-27,45
2014-07-28,53
2014-07-29,66
2014-07-30,57
2014-07-31,62
2014-08-01,47
2014-08-02,31
2014-08-03,29
2014-08-04,58
2014-08-05,62
2014-08-06,55
2014-08-07,49
2014-08-08,41
2014-08-09,36
2014-08-10,32
2014-08-11,65
2014-08-12,78
2014-08-13,43
2014-08-14,43
2014-08-15,27
2014-08-16,19
2014-08-17,39
2014-08-18,62
2014-08-19,80
2014-08-20,49
2014-08-21,61
2014-08-22,53
2014-08-23,32
2014-08-24,30
2014-08-25,50
2014-08-26,67
2014-08-27,66
2014-08-28,66
2014-08-29,64
2014-08-30,30
2014-08-31,37
2014-09-01,63
2014-09-02,54
2014-09-03,51
2014-09-04,50
2014-09-05,34
2014-09-06,19
2014-09-07,19
2014-09-08,55
2014-09-09,55
2014-09-10,47
2014-09-11,55
2014-09-12,43
2014-09-13,32
2014-09-14,33
2014-09-15,58
2014-09-16,52
2014-09-17,40
2014-09-18,37
2014-09-19,41
2014-09-20,22
2014-09-21,30
2014-09-22,39
2014-09-23,47
2014-09-24,49
2014-09-25,45
2014-09-26,40
2014-09-27,16
2014-09-28,28
2014-09-29,46
2014-09-30,61
2014-10-01,55
2014-10-02,48
2014-10-03,43
2014-10-04,21
2014-10-05,26
2014-10-06,46
2014-10-07,33
2014-10-08,38
2014-10-09,53
2014-10-10,40
2014-10-11,25
2014-10-12,24
2014-10-13,46
2014-10-14,48
2014-10-15,55
2014-10-16,46
2014-10-17,53
2014-10-18,37
2014-10-19,29
2014-10-20,47
2014-10-21,55
2014-10-22,44
2014-10-23,39
2014-10-24,46
2014-10-25,30
2014-10-26,31
2014-10-27,39
2014-10-28,46
2014-10-29,57
2014-10-30,57
2014-10-31,51
2014-11-01,33
2014-11-02,26
2014-11-03,44
2014-11-04,61
2014-11-05,65
2014-11-06,51
2014-11-07,40
2014-11-08,21
2014-11-09,29
2014-11-10,61
2014-11-11,38
2014-11-12,55
2014-11-13,45
2014-11-14,32
2014-11-15,25
2014-11-16,22
2014-11-17,46
2014-11-18,43
2014-11-19,36
2014-11-20,38
2014-11-21,30
2014-11-22,36
2014-11-23,37
2014-11-24,61
2014-11-25,45
2014-11-26,59
2014-11-27,69
2014-11-28,42
2014-11-29,38
2014-11-30,39
2014-12-01,52
2014-12-02,58
2014-12-03,63
2014-12-04,55
2014-12-05,39
2014-12-06,37
2014-12-07,44
2014-12-08,45
2014-12-09,53
2014-12-10,60
2014-12-11,42
2014-12-12,31
2014-12-13,23
2014-12-14,44
2014-12-15,75
2014-12-16,72
2014-12-17,67
2014-12-18,65
2014-12-19,48
2014-12-20,28
2014-12-21,32
2014-12-22,67
2014-12-23,52
2014-12-24,33
2014-12-25,36
2014-12-26,47
2014-12-27,36
2014-12-28,36
2014-12-29,45
2014-12-30,45
2014-12-31,31
2015-01-01,35
2015-01-02,56
2015-01-03,38
2015-01-04,51
2015-01-05,53
2015-01-06,47
2015-01-07,55
2015-01-08,61
2015-01-09,49
2015-01-10,31
2015-01-11,35
2015-01-12,64
2015-01-13,65
2015-01-14,73
2015-01-15,44
2015-01-16,42
2015-01-17,45
2015-01-18,38
2015-01-19,54
2015-01-20,56
2015-01-21,46
2015-01-22,38
2015-01-23,44
2015-01-24,34
2015-01-25,43
2015-01-26,58
2015-01-27,48
2015-01-28,45
2015-01-29,64
2015-01-30,61
2015-01-31,32
2015-02-01,53
2015-02-02,58
2015-02-03,54
2015-02-04,45
2015-02-05,45
2015-02-06,34
2015-02-07,31
2015-02-08,44
2015-02-09,47
2015-02-10,42
2015-02-11,51
2015-02-12,48
2015-02-13,37
2015-02-14,22
2015-02-15,33
2015-02-16,43
2015-02-17,72
2015-02-18,62
2015-02-19,49
2015-02-20,63
2015-02-21,64
2015-02-22,61
2015-02-23,62
2015-02-24,59
2015-02-25,49
2015-02-26,45
2015-02-27,39
2015-02-28,16
2015-03-01,36
2015-03-02,52
2015-03-03,52
2015-03-04,56
2015-03-05,73
2015-03-06,60
2015-03-07,31
2015-03-08,44
2015-03-09,80
2015-03-10,66
2015-03-11,60
2015-03-12,47
2015-03-13,47
2015-03-14,40
2015-03-15,46
2015-03-16,85
2015-03-17,60
2015-03-18,68
2015-03-19,52
2015-03-20,59
2015-03-21,47
2015-03-22,45
2015-03-23,65
2015-03-24,60
2015-03-25,60
2015-03-26,62
2015-03-27,53
2015-03-28,41
2015-03-29,30
2015-03-30,45
2015-03-31,40
2015-04-01,66
2015-04-02,62
2015-04-03,42
2015-04-04,33
2015-04-05,30
2015-04-06,51
2015-04-07,44
2015-04-08,53
2015-04-09,50
2015-04-10,61
2015-04-11,42
2015-04-12,39
2015-04-13,59
2015-04-14,50
2015-04-15,72
2015-04-16,53
2015-04-17,43
2015-04-18,37
2015-04-19,38
2015-04-20,53
2015-04-21,74
2015-04-22,65
2015-04-23,63
2015-04-24,58
2015-04-25,58
2015-04-26,40
2015-04-27,77
2015-04-28,66
2015-04-29,67
2015-04-30,57
2015-05-01,51
2015-05-02,38
2015-05-03,34
2015-05-04,52
2015-05-05,52
2015-05-06,107
2015-05-07,57
2015-05-08,59
2015-05-09,30
2015-05-10,41
2015-05-11,62
2015-05-12,88
2015-05-13,79
2015-05-14,68
2015-05-15,66
2015-05-16,52
2015-05-17,67
2015-05-18,115
2015-05-19,102
2015-05-20,87
2015-05-21,70
2015-05-22,74
2015-05-23,57
2015-05-24,57
2015-05-25,70
2015-05-26,66
2015-05-27,65
2015-05-28,82
2015-05-29,69
2015-05-30,32
2015-05-31,44
2015-06-01,99
2015-06-02,70
2015-06-03,60
2015-06-04,57
2015-06-05,81
2015-06-06,54
2015-06-07,64
2015-06-08,100
2015-06-09,76
2015-06-10,91
2015-06-11,73
2015-06-12,67
2015-06-13,53
2015-06-14,64
2015-06-15,97
2015-06-16,75
2015-06-17,82
2015-06-18,82
2015-06-19,88
2015-06-20,62
2015-06-21,77
2015-06-22,85
2015-06-23,96
2015-06-24,97
2015-06-25,97
2015-06-26,81
2015-06-27,57
2015-06-28,56
2015-06-29,90
2015-06-30,79
2015-07-01,68
2015-07-02,63
2015-07-03,65
2015-07-04,45
2015-07-05,56
2015-07-06,78
2015-07-07,69
2015-07-08,91
2015-07-09,78
2015-07-10,59
2015-07-11,40
2015-07-12,41
2015-07-13,66
2015-07-14,59
2015-07-15,60
2015-07-16,89
2015-07-17,69
2015-07-18,31
2015-07-19,45
2015-07-20,62
2015-07-21,66
2015-07-22,56
2015-07-23,54
2015-07-24,68
2015-07-25,43
2015-07-26,42
2015-07-27,59
2015-07-28,53
2015-07-29,45
2015-07-30,70
2015-07-31,64
2015-08-01,36
2015-08-02,44
2015-08-03,43
2015-08-04,69
2015-08-05,51
2015-08-06,56
2015-08-07,38
2015-08-08,36
2015-08-09,34
2015-08-10,67
2015-08-11,65
2015-08-12,73
2015-08-13,62
2015-08-14,77
2015-08-15,32
2015-08-16,47
2015-08-17,63
2015-08-18,61
2015-08-19,70
2015-08-20,65
2015-08-21,57
2015-08-22,44
2015-08-23,60
2015-08-24,71
2015-08-25,67
2015-08-26,64
2015-08-27,63
2015-08-28,89
2015-08-29,47
2015-08-30,70
2015-08-31,86
2015-09-01,76
2015-09-02,70
2015-09-03,93
2015-09-04,71
2015-09-05,63
2015-09-06,66
2015-09-07,69
2015-09-08,82
2015-09-09,76
2015-09-10,57
2015-09-11,75
2015-09-12,50
2015-09-13,46
2015-09-14,82
2015-09-15,67
2015-09-16,53
2015-09-17,50
2015-09-18,69
2015-09-19,42
2015-09-20,58
2015-09-21,66
2015-09-22,73
2015-09-23,78
2015-09-24,50
2015-09-25,62
2015-09-26,37
2015-09-27,54
2015-09-28,66
2015-09-29,44
2015-09-30,49
2015-10-01,30
2015-10-02,71
2015-10-03,34
2015-10-04,48
2015-10-05,49
2015-10-06,29
2015-10-07,50
2015-10-08,71
2015-10-09,43
2015-10-10,26
2015-10-11,26
2015-10-12,44
2015-10-13,53
2015-10-14,69
2015-10-15,63
2015-10-16,49
2015-10-17,19
2015-10-18,37
2015-10-19,61
2015-10-20,57
2015-10-21,51
2015-10-22,67
2015-10-23,65
2015-10-24,45
2015-10-25,39
2015-10-26,35
2015-10-27,51
2015-10-28,42
2015-10-29,43
2015-10-30,63
2015-10-31,32
2015-11-01,25
2015-11-02,63
2015-11-03,64
2015-11-04,61
2015-11-05,70
2015-11-06,39
2015-11-07,36
2015-11-08,41
2015-11-09,57
2015-11-10,61
2015-11-11,57
2015-11-12,85
2015-11-13,61
2015-11-14,42
2015-11-15,53
2015-11-16,93
2015-11-17,63
2015-11-18,56
2015-11-19,64
2015-11-20,53
2015-11-21,34
2015-11-22,61
2015-11-23,70
2015-11-24,78
2015-11-25,47
2015-11-26,48
2015-11-27,57
2015-11-28,35
2015-11-29,36
2015-11-30,49
2015-12-01,46
2015-12-02,62
2015-12-03,38
2015-12-04,38
2015-12-05,33
2015-12-06,37
2015-12-07,41
2015-12-08,42
2015-12-09,51
2015-12-10,55
2015-12-11,58
2015-12-12,37
2015-12-13,29
2015-12-14,71
2015-12-15,69
2015-12-16,82
2015-12-17,78
2015-12-18,65
2015-12-19,50
2015-12-20,54
2015-12-21,59
2015-12-22,64
2015-12-23,75
2015-12-24,58
2015-12-25,52
2015-12-26,37
2015-12-27,41
2015-12-28,63
2015-12-29,71
2015-12-30,63
2015-12-31,70
2016-01-01,38
2016-01-02,48
2016-01-03,58
2016-01-04,79
2016-01-05,82
2016-01-06,53
2016-01-07,66
2016-01-08,56
2016-01-09,54
2016-01-10,48
2016-01-11,69
2016-01-12,51
2016-01-13,59
2016-01-14,59
2016-01-15,59
2016-01-16,31
2016-01-17,41
2016-01-18,67
2016-01-19,61
2016-01-20,69
2016-01-21,64
2016-01-22,56
2016-01-23,44
2016-01-24,36
2016-01-25,70
2016-01-26,73
2016-01-27,95
2016-01-28,95
2016-01-29,70
2016-01-30,43
2016-01-31,36
2016-02-01,60
2016-02-02,63
2016-02-03,72
2016-02-04,62
2016-02-05,53
2016-02-06,52
2016-02-07,39
2016-02-08,53
2016-02-09,84
2016-02-10,63
2016-02-11,59
2016-02-12,55
2016-02-13,39
2016-02-14,42
2016-02-15,58
2016-02-16,73
2016-02-17,94
2016-02-18,66
2016-02-19,45
2016-02-20,34
2016-02-21,41
2016-02-22,64
2016-02-23,80
2016-02-24,66
2016-02-25,62
2016-02-26,48
2016-02-27,61
2016-02-28,41
2016-02-29,58
2016-03-01,57
2016-03-02,88
2016-03-03,85
2016-03-04,71
2016-03-05,44
2016-03-06,56
2016-03-07,88
2016-03-08,68
2016-03-09,60
2016-03-10,56
2016-03-11,66
2016-03-12,36
2016-03-13,44
2016-03-14,50
2016-03-15,52
2016-03-16,37
2016-03-17,43
2016-03-18,48
2016-03-19,33
2016-03-20,59
2016-03-21,71
2016-03-22,61
2016-03-23,70
2016-03-24,72
2016-03-25,45
2016-03-26,31
2016-03-27,66
2016-03-28,44
2016-03-29,56
2016-03-30,58
2016-03-31,67
2016-04-01,40
2016-04-02,39
2016-04-03,39
2016-04-04,64
2016-04-05,61
2016-04-06,54
2016-04-07,64
2016-04-08,66
2016-04-09,52
2016-04-10,44
2016-04-11,83
2016-04-12,55
2016-04-13,73
2016-04-14,71
2016-04-15,54
2016-04-16,57
2016-04-17,61
2016-04-18,72
2016-04-19,79
2016-04-20,78
2016-04-21,64
2016-04-22,87
2016-04-23,63
2016-04-24,65
2016-04-25,83
2016-04-26,88
2016-04-27,76
2016-04-28,73
2016-04-29,75
2016-04-30,47
2016-05-01,53
2016-05-02,74
2016-05-03,68
2016-05-04,52
2016-05-05,69
2016-05-06,71
2016-05-07,45
2016-05-08,44
2016-05-09,84
2016-05-10,101
2016-05-11,78
2016-05-12,95
2016-05-13,81
2016-05-14,54
2016-05-15,67
2016-05-16,70
2016-05-17,80
2016-05-18,78
2016-05-19,72
2016-05-20,92
2016-05-21,50
2016-05-22,53
2016-05-23,83
2016-05-24,66
2016-05-25,69
2016-05-26,93
2016-05-27,109
2016-05-28,69
2016-05-29,77
2016-05-30,79
2016-05-31,123
2016-06-01,101
2016-06-02,94
2016-06-03,102
2016-06-04,66
2016-06-05,73
2016-06-06,148
2016-06-07,99
2016-06-08,102
2016-06-09,79
2016-06-10,89
2016-06-11,65
2016-06-12,71
2016-06-13,91
2016-06-14,127
2016-06-15,90
2016-06-16,93
2016-06-17,69
2016-06-18,61
2016-06-19,67
2016-06-20,96
2016-06-21,105
2016-06-22,75
2016-06-23,83
2016-06-24,96
2016-06-25,60
2016-06-26,67
2016-06-27,90
2016-06-28,123
2016-06-29,122
2016-06-30,81
2016-07-01,116
2016-07-02,67
2016-07-03,67
2016-07-04,90
2016-07-05,82
2016-07-06,69
2016-07-07,93
2016-07-08,81
2016-07-09,82
2016-07-10,67
2016-07-11,103
2016-07-12,112
2016-07-13,101
2016-07-14,104
2016-07-15,71
2016-07-16,63
2016-07-17,70
2016-07-18,100
2016-07-19,101
2016-07-20,107
2016-07-21,85
2016-07-22,122
2016-07-23,82
2016-07-24,71
2016-07-25,101
2016-07-26,102
2016-07-27,112
2016-07-28,118
2016-07-29,112
2016-07-30,79
2016-07-31,72
2016-08-01,102
2016-08-02,98
2016-08-03,94
2016-08-04,111
2016-08-05,79
2016-08-06,58
2016-08-07,75
2016-08-08,113
2016-08-09,102
2016-08-10,133
2016-08-11,129
2016-08-12,127
2016-08-13,68
2016-08-14,72
2016-08-15,108
2016-08-16,80
2016-08-17,104
2016-08-18,72
2016-08-19,74
2016-08-20,67
2016-08-21,84
2016-08-22,89
2016-08-23,93
2016-08-24,136
2016-08-25,109
2016-08-26,77
2016-08-27,57
2016-08-28,62
2016-08-29,111
2016-08-30,101
2016-08-31,122
2016-09-01,109
2016-09-02,101
2016-09-03,84
2016-09-04,70
2016-09-05,101
2016-09-06,101
2016-09-07,103
2016-09-08,89
2016-09-09,98
2016-09-10,56
2016-09-11,53
2016-09-12,92
2016-09-13,64
2016-09-14,66
2016-09-15,99
2016-09-16,71
2016-09-17,70
2016-09-18,88
2016-09-19,128
2016-09-20,138
2016-09-21,89
2016-09-22,100
2016-09-23,98
2016-09-24,66
2016-09-25,83
2016-09-26,107
2016-09-27,102
2016-09-28,101
2016-09-29,95
2016-09-30,115
2016-10-01,66
2016-10-02,59
2016-10-03,85
2016-10-04,103
2016-10-05,67
2016-10-06,84
2016-10-07,72
2016-10-08,57
2016-10-09,66
2016-10-10,97
2016-10-11,97
2016-10-12,99
2016-10-13,88
2016-10-14,65
2016-10-15,47
2016-10-16,63
2016-10-17,110
2016-10-18,110
2016-10-19,99
2016-10-20,87
2016-10-21,72
2016-10-22,56
2016-10-23,46
2016-10-24,100
2016-10-25,107
2016-10-26,110
2016-10-27,81
2016-10-28,74
2016-10-29,62
2016-10-30,59
2016-10-31,76
2016-11-01,76
2016-11-02,83
2016-11-03,61
2016-11-04,60
2016-11-05,49
2016-11-06,38
2016-11-07,59
2016-11-08,81
2016-11-09,59
2016-11-10,53
2016-11-11,50
2016-11-12,44
2016-11-13,56
2016-11-14,91
2016-11-15,94
2016-11-16,87
2016-11-17,81
2016-11-18,55
2016-11-19,56
2016-11-20,47
2016-11-21,84
2016-11-22,90
2016-11-23,79
2016-11-24,71
2016-11-25,83
2016-11-26,63
2016-11-27,38
2016-11-28,62
2016-11-29,62
2016-11-30,80
2016-12-01,80
2016-12-02,76
2016-12-03,53
2016-12-04,70
2016-12-05,70
2016-12-06,61
2016-12-07,72
2016-12-08,99
2016-12-09,92
2016-12-10,59
2016-12-11,66
2016-12-12,69
2016-12-13,62
2016-12-14,88
2016-12-15,99
2016-12-16,87
2016-12-17,55
2016-12-18,55
2016-12-19,86
2016-12-20,78
2016-12-21,72
2016-12-22,74
2016-12-23,65
2016-12-24,34
2016-12-25,43
2016-12-26,47
2016-12-27,50
2016-12-28,71
2016-12-29,90
2016-12-30,92
2016-12-31,59
2017-01-01,53
2017-01-02,91
2017-01-03,95
2017-01-04,94
2017-01-05,88
2017-01-06,66
2017-01-07,58
2017-01-08,61
2017-01-09,95
2017-01-10,89
2017-01-11,99
2017-01-12,72
2017-01-13,60
2017-01-14,52
2017-01-15,56
2017-01-16,71
2017-01-17,100
2017-01-18,80
2017-01-19,95
2017-01-20,77
2017-01-21,47
2017-01-22,63
2017-01-23,73
2017-01-24,81
2017-01-25,83
2017-01-26,91
2017-01-27,69
2017-01-28,43
2017-01-29,67
2017-01-30,73
2017-01-31,65
2017-02-01,69
2017-02-02,69
2017-02-03,81
2017-02-04,62
2017-02-05,50
2017-02-06,96
2017-02-07,65
2017-02-08,73
2017-02-09,77
2017-02-10,59
2017-02-11,60
2017-02-12,58
2017-02-13,81
2017-02-14,88
2017-02-15,89
2017-02-16,73
2017-02-17,71
2017-02-18,58
2017-02-19,55
2017-02-20,83
2017-02-21,90
2017-02-22,72
2017-02-23,71
2017-02-24,79
2017-02-25,62
2017-02-26,48
2017-02-27,88
2017-02-28,78
2017-03-01,89
2017-03-02,119
2017-03-03,74
2017-03-04,61
2017-03-05,55
2017-03-06,98
2017-03-07,104
2017-03-08,86
2017-03-09,85
2017-03-10,57
2017-03-11,37
2017-03-12,66
2017-03-13,82
2017-03-14,94
2017-03-15,71
2017-03-16,78
2017-03-17,63
2017-03-18,61
2017-03-19,48
2017-03-20,71
2017-03-21,82
2017-03-22,79
2017-03-23,100
2017-03-24,106
2017-03-25,61
2017-03-26,68
2017-03-27,87
2017-03-28,73
2017-03-29,90
2017-03-30,69
2017-03-31,67
2017-04-01,56
2017-04-02,46
2017-04-03,66
2017-04-04,92
2017-04-05,71
2017-04-06,91
2017-04-07,58
2017-04-08,48
2017-04-09,53
2017-04-10,91
2017-04-11,80
2017-04-12,77
2017-04-13,71
2017-04-14,73
2017-04-15,52
2017-04-16,59
2017-04-17,77
2017-04-18,68
2017-04-19,84
2017-04-20,80
2017-04-21,76
2017-04-22,65
2017-04-23,59
2017-04-24,59
2017-04-25,68
2017-04-26,68
2017-04-27,86
2017-04-28,61
2017-04-29,36
2017-04-30,43
2017-05-01,56
2017-05-02,55
2017-05-03,95
2017-05-04,77
2017-05-05,63
2017-05-06,38
2017-05-07,58
2017-05-08,80
2017-05-09,71
2017-05-10,90
2017-05-11,82
2017-05-12,57
2017-05-13,44
2017-05-14,38
2017-05-15,52
2017-05-16,95
2017-05-17,71
2017-05-18,88
2017-05-19,74
2017-05-20,45
2017-05-21,45
2017-05-22,65
2017-05-23,94
2017-05-24,58
2017-05-25,53
2017-05-26,69
2017-05-27,49
2017-05-28,51
2017-05-29,83
2017-05-30,94
2017-05-31,102
2017-06-01,94
2017-06-02,86
2017-06-03,62
2017-06-04,87
2017-06-05,113
2017-06-06,101
2017-06-07,91
2017-06-08,69
2017-06-09,90
2017-06-10,55
2017-06-11,51
2017-06-12,83
2017-06-13,106
2017-06-14,80
2017-06-15,60
2017-06-16,79
2017-06-17,91
2017-06-18,77
2017-06-19,91
2017-06-20,105
2017-06-21,81
2017-06-22,101
2017-06-23,71
2017-06-24,70
2017-06-25,59
2017-06-26,80
2017-06-27,81
2017-06-28,67
2017-06-29,64
2017-06-30,69
2017-07-01,51
2017-07-02,62
2017-07-03,80
2017-07-04,98
2017-07-05,84
2017-07-06,77
2017-07-07,66
2017-07-08,62
2017-07-09,70
2017-07-10,121
2017-07-11,99
2017-07-12,91
2017-07-13,83
2017-07-14,82
2017-07-15,47
2017-07-16,77
2017-07-17,101
2017-07-18,105
2017-07-19,81
2017-07-20,77
2017-07-21,90
2017-07-22,59
2017-07-23,86
2017-07-24,132
2017-07-25,114
2017-07-26,89
2017-07-27,94
2017-07-28,72
2017-07-29,51
2017-07-30,53
2017-07-31,68
2017-08-01,86
2017-08-02,89
2017-08-03,80
2017-08-04,94
2017-08-05,75
2017-08-06,64
2017-08-07,79
2017-08-08,97
2017-08-09,107
2017-08-10,86
2017-08-11,99
2017-08-12,78
2017-08-13,58
2017-08-14,91
2017-08-15,64
2017-08-16,89
2017-08-17,88
2017-08-18,95
2017-08-19,67
2017-08-20,78
2017-08-21,87
2017-08-22,92
2017-08-23,87
2017-08-24,86
2017-08-25,97
2017-08-26,59
2017-08-27,58
2017-08-28,59
2017-08-29,94
2017-08-30,78
2017-08-31,74
2017-09-01,78
2017-09-02,70
2017-09-03,76
2017-09-04,100
2017-09-05,96
2017-09-06,71
2017-09-07,86
2017-09-08,93
2017-09-09,40
2017-09-10,54
2017-09-11,69
2017-09-12,68
2017-09-13,72
2017-09-14,82
2017-09-15,59
2017-09-16,34
2017-09-17,44
2017-09-18,77
2017-09-19,95
2017-09-20,85
2017-09-21,92
2017-09-22,78
2017-09-23,50
2017-09-24,62
2017-09-25,91
2017-09-26,74
2017-09-27,82
2017-09-28,63
2017-09-29,77
2017-09-30,47
2017-10-01,54
2017-10-02,98
2017-10-03,82
2017-10-04,52
2017-10-05,53
2017-10-06,69
2017-10-07,42
2017-10-08,49
2017-10-09,70
2017-10-10,80
2017-10-11,51
2017-10-12,68
2017-10-13,60
2017-10-14,60
2017-10-15,45
2017-10-16,85
2017-10-17,73
2017-10-18,79
2017-10-19,73
2017-10-20,77
2017-10-21,50
2017-10-22,79
2017-10-23,99
2017-10-24,95
2017-10-25,107
2017-10-26,70
2017-10-27,73
2017-10-28,55
2017-10-29,52
2017-10-30,82
2017-10-31,80
2017-11-01,61
2017-11-02,103
2017-11-03,72
2017-11-04,46
2017-11-05,49
2017-11-06,76
2017-11-07,77
2017-11-08,61
2017-11-09,58
2017-11-10,50
2017-11-11,48
2017-11-12,55
2017-11-13,55
2017-11-14,92
2017-11-15,74
2017-11-16,67
2017-11-17,65
2017-11-18,50
2017-11-19,51
2017-11-20,89
2017-11-21,57
2017-11-22,56
2017-11-23,49
2017-11-24,46
2017-11-25,59
2017-11-26,55
2017-11-27,80
2017-11-28,75
2017-11-29,73
2017-11-30,97
2017-12-01,66
2017-12-02,54
2017-12-03,51
2017-12-04,88
2017-12-05,70
2017-12-06,73
2017-12-07,94
2017-12-08,58
2017-12-09,62
2017-12-10,45
2017-12-11,73
2017-12-12,73
2017-12-13,87
2017-12-14,65
2017-12-15,61
2017-12-16,54
2017-12-17,51
2017-12-18,97
2017-12-19,104
2017-12-20,87
2017-12-21,69
2017-12-22,57
2017-12-23,65
2017-12-24,49
2017-12-25,46
2017-12-26,42
2017-12-27,64
2017-12-28,78
2017-12-29,59
2017-12-30,43
2017-12-31,46
2018-01-01,37
2018-01-02,89
2018-01-03,88
2018-01-04,77
2018-01-05,91
2018-01-06,54
2018-01-07,57
2018-01-08,95
2018-01-09,92
2018-01-10,64
2018-01-11,65
2018-01-12,62
2018-01-13,39
2018-01-14,52
2018-01-15,60
2018-01-16,72
2018-01-17,67
2018-01-18,68
2018-01-19,68
2018-01-20,40
2018-01-21,43
2018-01-22,40
2018-01-23,81
2018-01-24,72
2018-01-25,68
2018-01-26,38
2018-01-27,38
2018-01-28,60
2018-01-29,95
2018-01-30,70
2018-01-31,72
2018-02-01,55
2018-02-02,75
2018-02-03,55
2018-02-04,56
2018-02-05,83
2018-02-06,58
2018-02-07,68
2018-02-08,97
2018-02-09,88
2018-02-10,42
2018-02-11,34
2018-02-12,74
2018-02-13,80
2018-02-14,76
2018-02-15,72
2018-02-16,54
2018-02-17,43
2018-02-18,47
2018-02-19,68
2018-02-20,87
2018-02-21,94
2018-02-22,69
2018-02-23,82
2018-02-24,54
2018-02-25,66
2018-02-26,94
2018-02-27,77
2018-02-28,75
2018-03-01,62
2018-03-02,67
2018-03-03,50
2018-03-04,53
2018-03-05,83
2018-03-06,81
2018-03-07,80
2018-03-08,58
2018-03-09,53
2018-03-10,34
2018-03-11,53
2018-03-12,94
2018-03-13,87
2018-03-14,62
2018-03-15,72
2018-03-16,86
2018-03-17,42
2018-03-18,55
2018-03-19,86
2018-03-20,80
2018-03-21,85
2018-03-22,92
2018-03-23,79
2018-03-24,66
2018-03-25,54
2018-03-26,86
2018-03-27,68
2018-03-28,63
2018-03-29,58
2018-03-30,36
2018-03-31,54
2018-04-01,53
2018-04-02,76
2018-04-03,68
2018-04-04,68
2018-04-05,68
2018-04-06,85
2018-04-07,57
2018-04-08,62
2018-04-09,110
2018-04-10,82
2018-04-11,86
2018-04-12,83
2018-04-13,80
2018-04-14,47
2018-04-15,72
2018-04-16,115
2018-04-17,114
2018-04-18,92
2018-04-19,79
2018-04-20,73
2018-04-21,60
2018-04-22,50
2018-04-23,94
2018-04-24,92
2018-04-25,79
2018-04-26,85
2018-04-27,81
2018-04-28,45
2018-04-29,47
2018-04-30,89
2018-05-01,79
2018-05-02,91
2018-05-03,80
2018-05-04,72
2018-05-05,62
2018-05-06,59
2018-05-07,78
2018-05-08,87
2018-05-09,85
2018-05-10,80
2018-05-11,75
2018-05-12,51
2018-05-13,82
2018-05-14,120
2018-05-15,120
2018-05-16,86
2018-05-17,88
2018-05-18,66
2018-05-19,43
2018-05-20,66
2018-05-21,81
2018-05-22,77
2018-05-23,98
2018-05-24,70
2018-05-25,79
2018-05-26,53
2018-05-27,56
2018-05-28,72
2018-05-29,95
2018-05-30,107
2018-05-31,65
2018-06-01,50
2018-06-02,37
2018-06-03,53
2018-06-04,53
2018-06-05,86
2018-06-06,87
2018-06-07,94
2018-06-08,75
2018-06-09,59
2018-06-10,53
2018-06-11,64
2018-06-12,93
2018-06-13,86
2018-06-14,78
2018-06-15,65
2018-06-16,61
2018-06-17,54
2018-06-18,74
2018-06-19,81
2018-06-20,78
2018-06-21,71
2018-06-22,59
2018-06-23,54
2018-06-24,48
2018-06-25,60
2018-06-26,77
2018-06-27,90
2018-06-28,90
2018-06-29,90
2018-06-30,70
2018-07-01,55
2018-07-02,115
2018-07-03,103
2018-07-04,74
2018-07-05,86
2018-07-06,71
2018-07-07,55
2018-07-08,59
2018-07-09,64
2018-07-10,75
2018-07-11,74
2018-07-12,81
2018-07-13,76
2018-07-14,56
2018-07-15,48
2018-07-16,101
2018-07-17,95
2018-07-18,103
2018-07-19,106
2018-07-20,82
2018-07-21,69
2018-07-22,71
2018-07-23,135
2018-07-24,93
2018-07-25,93
2018-07-26,110
2018-07-27,77
2018-07-28,64
2018-07-29,80
2018-07-30,89
2018-07-31,77
2018-08-01,86
2018-08-02,68
2018-08-03,71
2018-08-04,48
2018-08-05,66
2018-08-06,81
2018-08-07,119
2018-08-08,102
2018-08-09,89
2018-08-10,78
2018-08-11,66
2018-08-12,73
2018-08-13,117
2018-08-14,106
2018-08-15,64
2018-08-16,63
2018-08-17,56
2018-08-18,42
2018-08-19,61
2018-08-20,80
2018-08-21,91
2018-08-22,86
2018-08-23,80
2018-08-24,72
2018-08-25,62
2018-08-26,68
2018-08-27,77
2018-08-28,111
2018-08-29,96
2018-08-30,79
2018-08-31,62
2018-09-01,37
2018-09-02,54
2018-09-03,85
2018-09-04,99
2018-09-05,84
2018-09-06,78
2018-09-07,55
2018-09-08,55
2018-09-09,48
2018-09-10,73
2018-09-11,88
2018-09-12,69
2018-09-13,81
2018-09-14,82
2018-09-15,50
2018-09-16,46
2018-09-17,84
2018-09-18,67
2018-09-19,49
2018-09-20,81
2018-09-21,61
2018-09-22,57
2018-09-23,64
2018-09-24,80
2018-09-25,103
2018-09-26,82
2018-09-27,50
2018-09-28,82
2018-09-29,35
2018-09-30,69
2018-10-01,63
2018-10-02,71
2018-10-03,72
2018-10-04,81
2018-10-05,72
2018-10-06,59
2018-10-07,43
2018-10-08,107
2018-10-09,88
2018-10-10,106
2018-10-11,107
2018-10-12,113
2018-10-13,67
2018-10-14,56
2018-10-15,96
2018-10-16,96
2018-10-17,84
2018-10-18,82
2018-10-19,64
2018-10-20,38
2018-10-21,47
2018-10-22,58
2018-10-23,57
2018-10-24,67
2018-10-25,60
2018-10-26,69
2018-10-27,41
2018-10-28,69
2018-10-29,113
2018-10-30,126
2018-10-31,80
2018-11-01,64
2018-11-02,52
2018-11-03,48
2018-11-04,67
2018-11-05,99
2018-11-06,88
2018-11-07,61
2018-11-08,89
2018-11-09,75
2018-11-10,55
2018-11-11,67
2018-11-12,84
2018-11-13,84
2018-11-14,72
2018-11-15,81
2018-11-16,66
2018-11-17,55
2018-11-18,47
2018-11-19,90
2018-11-20,53
2018-11-21,67
2018-11-22,46
2018-11-23,44
2018-11-24,39
2018-11-25,50
2018-11-26,65
2018-11-27,98
2018-11-28,82
2018-11-29,78
2018-11-30,78
2018-12-01,46
2018-12-02,50
2018-12-03,98
2018-12-04,91
2018-12-05,79
2018-12-06,89
2018-12-07,77
2018-12-08,51
2018-12-09,53
2018-12-10,77
2018-12-11,78
2018-12-12,92
2018-12-13,93
2018-12-14,103
2018-12-15,58
2018-12-16,51
2018-12-17,97
2018-12-18,96
2018-12-19,79
2018-12-20,80
2018-12-21,73
2018-12-22,51
2018-12-23,44
2018-12-24,40
2018-12-25,39
2018-12-26,58
2018-12-27,55
2018-12-28,86
2018-12-29,41
2018-12-30,60
2018-12-31,58
2019-01-01,53
2019-01-02,129
2019-01-03,103
2019-01-04,114
2019-01-05,64
2019-01-06,74
2019-01-07,95
2019-01-08,79
2019-01-09,77
2019-01-10,84
2019-01-11,91
2019-01-12,56
2019-01-13,82
2019-01-14,94
2019-01-15,100
2019-01-16,101
2019-01-17,68
2019-01-18,54
2019-01-19,53
2019-01-20,55
2019-01-21,114
2019-01-22,104
2019-01-23,85
2019-01-24,88
2019-01-25,101
2019-01-26,82
2019-01-27,76
2019-01-28,84
2019-01-29,81
2019-01-30,90
2019-01-31,60
2019-02-01,76
2019-02-02,58
2019-02-03,57
2019-02-04,82
2019-02-05,80
2019-02-06,104
2019-02-07,96
2019-02-08,104
2019-02-09,59
2019-02-10,54
2019-02-11,86
2019-02-12,80
2019-02-13,98
2019-02-14,101
2019-02-15,77
2019-02-16,53
2019-02-17,50
2019-02-18,109
2019-02-19,85
2019-02-20,82
2019-02-21,76
2019-02-22,78
2019-02-23,59
2019-02-24,58
2019-02-25,90
2019-02-26,91
2019-02-27,77
2019-02-28,70
2019-03-01,73
2019-03-02,63
2019-03-03,63
2019-03-04,77
2019-03-05,80
2019-03-06,72
2019-03-07,76
2019-03-08,75
2019-03-09,56
2019-03-10,53
2019-03-11,75
2019-03-12,88
2019-03-13,99
2019-03-14,76
2019-03-15,85
2019-03-16,46
2019-03-17,42
2019-03-18,89
2019-03-19,80
2019-03-20,91
2019-03-21,79
2019-03-22,77
2019-03-23,65
2019-03-24,52
2019-03-25,90
2019-03-26,65
2019-03-27,64
2019-03-28,76
2019-03-29,74
2019-03-30,84
2019-03-31,69
2019-04-01,80
2019-04-02,98
2019-04-03,60
2019-04-04,72
2019-04-05,62
2019-04-06,53
2019-04-07,48
2019-04-08,103
2019-04-09,92
2019-04-10,84
2019-04-11,65
2019-04-12,65
2019-04-13,59
2019-04-14,54
2019-04-15,89
2019-04-16,74
2019-04-17,81
2019-04-18,64
2019-04-19,71
2019-04-20,64
2019-04-21,54
2019-04-22,84
2019-04-23,85
2019-04-24,77
2019-04-25,61
2019-04-26,73
2019-04-27,37
2019-04-28,52
2019-04-29,93
2019-04-30,111
2019-05-01,90
2019-05-02,124
2019-05-03,86
2019-05-04,63
2019-05-05,66
2019-05-06,116
2019-05-07,104
2019-05-08,85
2019-05-09,66
2019-05-10,113
2019-05-11,63
2019-05-12,79
2019-05-13,107
2019-05-14,114
2019-05-15,104
2019-05-16,105
2019-05-17,89
2019-05-18,54
2019-05-19,58
2019-05-20,87
2019-05-21,77
2019-05-22,79
2019-05-23,88
2019-05-24,71
2019-05-25,60
2019-05-26,46
2019-05-27,77
2019-05-28,84
2019-05-29,99
2019-05-30,83
2019-05-31,88
2019-06-01,65
2019-06-02,75
2019-06-03,98
2019-06-04,60
2019-06-05,80
2019-06-06,83
2019-06-07,69
2019-06-08,26
2019-06-09,67
2019-06-10,94
2019-06-11,92
2019-06-12,72
2019-06-13,68
2019-06-14,88
2019-06-15,49
2019-06-16,48
2019-06-17,56
2019-06-18,68
2019-06-19,65
2019-06-20,64
2019-06-21,91
2019-06-22,48
2019-06-23,60
2019-06-24,110
2019-06-25,85
2019-06-26,86
2019-06-27,75
2019-06-28,76
2019-06-29,60
2019-06-30,38
2019-07-01,85
2019-07-02,77
2019-07-03,97
2019-07-04,64
2019-07-05,87
2019-07-06,60
2019-07-07,60
2019-07-08,95
2019-07-09,69
2019-07-10,66
2019-07-11,92
2019-07-12,97
2019-07-13,55
2019-07-14,70
2019-07-15,75
2019-07-16,74
2019-07-17,88
2019-07-18,74
2019-07-19,97
2019-07-20,43
2019-07-21,55
2019-07-22,88
2019-07-23,76
2019-07-24,47
2019-07-25,55
2019-07-26,59
2019-07-27,63
2019-07-28,48
2019-07-29,96
2019-07-30,71
2019-07-31,76
2019-08-01,84
2019-08-02,82
2019-08-03,60
2019-08-04,67
2019-08-05,85
2019-08-06,98
2019-08-07,124
2019-08-08,92
2019-08-09,54
2019-08-10,49
2019-08-11,34
2019-08-12,66
2019-08-13,75
2019-08-14,73
2019-08-15,86
2019-08-16,100
2019-08-17,49
2019-08-18,53
2019-08-19,72
2019-08-20,78
2019-08-21,94
2019-08-22,90
2019-08-23,88
2019-08-24,62
2019-08-25,56
2019-08-26,76
2019-08-27,67
2019-08-28,82
2019-08-29,96
2019-08-30,89
2019-08-31,38
2019-09-01,40
2019-09-02,92
2019-09-03,97
2019-09-04,67
2019-09-05,93
2019-09-06,72
2019-09-07,58
2019-09-08,55
2019-09-09,79
2019-09-10,73
2019-09-11,78
2019-09-12,70
2019-09-13,46
2019-09-14,59
2019-09-15,53
2019-09-16,87
2019-09-17,100
2019-09-18,92
2019-09-19,86
2019-09-20,87
2019-09-21,61
2019-09-22,57
2019-09-23,121
2019-09-24,118
2019-09-25,102
2019-09-26,91
2019-09-27,72
2019-09-28,59
2019-09-29,63
2019-09-30,60
2019-10-01,67
2019-10-02,56
2019-10-03,79
2019-10-04,82
2019-10-05,39
2019-10-06,48
2019-10-07,66
2019-10-08,64
2019-10-09,70
2019-10-10,53
2019-10-11,58
2019-10-12,55
2019-10-13,42
2019-10-14,78
2019-10-15,83
2019-10-16,77
2019-10-17,67
2019-10-18,54
2019-10-19,40
2019-10-20,57
2019-10-21,72
2019-10-22,59
2019-10-23,51
2019-10-24,61
2019-10-25,72
2019-10-26,31
2019-10-27,40
2019-10-28,76
2019-10-29,58
2019-10-30,65
2019-10-31,70
2019-11-01,77
2019-11-02,49
2019-11-03,47
2019-11-04,71
2019-11-05,62
2019-11-06,69
2019-11-07,42
2019-11-08,41
2019-11-09,38
2019-11-10,48
2019-11-11,80
2019-11-12,91
2019-11-13,67
2019-11-14,49
2019-11-15,61
2019-11-16,42
2019-11-17,53
2019-11-18,81
2019-11-19,57
2019-11-20,74
2019-11-21,67
2019-11-22,72
2019-11-23,43
2019-11-24,44
2019-11-25,58
2019-11-26,79
2019-11-27,80
2019-11-28,64
2019-11-29,61
2019-11-30,35
2019-12-01,41
2019-12-02,81
2019-12-03,77
2019-12-04,69
2019-12-05,50
2019-12-06,57
2019-12-07,67
2019-12-08,47
2019-12-09,91
2019-12-10,83
2019-12-11,76
2019-12-12,75
2019-12-13,69
2019-12-14,51
2019-12-15,60
2019-12-16,78
2019-12-17,57
2019-12-18,69
2019-12-19,91
2019-12-20,67
2019-12-21,53
2019-12-22,62
2019-12-23,64
2019-12-24,43
2019-12-25,48
2019-12-26,60
2019-12-27,53
2019-12-28,49
2019-12-29,48
2019-12-30,61
2019-12-31,51
2020-01-01,34
2020-01-02,53
2020-01-03,54
2020-01-04,47
2020-01-05,50
2020-01-06,71
2020-01-07,46
2020-01-08,86
2020-01-09,84
2020-01-10,95
2020-01-11,59
2020-01-12,69
2020-01-13,77
2020-01-14,97
2020-01-15,82
2020-01-16,85
2020-01-17,73
2020-01-18,59
2020-01-19,56
2020-01-20,74
2020-01-21,98
2020-01-22,86
2020-01-23,73
2020-01-24,75
2020-01-25,73
2020-01-26,67
2020-01-27,88
2020-01-28,82
2020-01-29,95
2020-01-30,92
2020-01-31,81
2020-02-01,53
2020-02-02,51
2020-02-03,95
2020-02-04,75
2020-02-05,75
2020-02-06,75
2020-02-07,79
2020-02-08,55
2020-02-09,59
2020-02-10,77
2020-02-11,81
2020-02-12,74
2020-02-13,62
2020-02-14,74
2020-02-15,52
2020-02-16,53
2020-02-17,96
2020-02-18,91
2020-02-19,82
2020-02-20,78
2020-02-21,65
2020-02-22,38
2020-02-23,35
2020-02-24,56
2020-02-25,61
2020-02-26,72
2020-02-27,57
2020-02-28,57
2020-02-29,53
2020-03-01,45
2020-03-02,89
2020-03-03,75
2020-03-04,63
2020-03-05,64
2020-03-06,59
2020-03-07,39
2020-03-08,23
2020-03-09,48
2020-03-10,72
2020-03-11,100
2020-03-12,77
2020-03-13,57
2020-03-14,32
2020-03-15,34
2020-03-16,52
2020-03-17,51
2020-03-18,51
2020-03-19,35
2020-03-20,50
2020-03-21,40
2020-03-22,39
2020-03-23,51
2020-03-24,46
2020-03-25,36
2020-03-26,36
2020-03-27,39
2020-03-28,31
2020-03-29,52
2020-03-30,65
2020-03-31,43
2020-04-01,50
2020-04-02,20
2020-04-03,34
2020-04-04,25
2020-04-05,26
2020-04-06,28
2020-04-07,16
2020-04-08,39
2020-04-09,41
2020-04-10,30
2020-04-11,34
2020-04-12,29
2020-04-13,36
2020-04-14,31
2020-04-15,19
2020-04-16,20
2020-04-17,21
2020-04-18,16
2020-04-19,24
2020-04-20,51
2020-04-21,44
2020-04-22,36
2020-04-23,40
2020-04-24,31
2020-04-25,25
2020-04-26,31
2020-04-27,33
2020-04-28,66
2020-04-29,47
2020-04-30,29
2020-05-01,32
2020-05-02,24
2020-05-03,33
2020-05-04,37
2020-05-05,38
2020-05-06,20
2020-05-07,21
2020-05-08,17
2020-05-09,18
2020-05-10,12
2020-05-11,41
2020-05-12,28
2020-05-13,31
2020-05-14,44
2020-05-15,21
2020-05-16,22
2020-05-17,12
2020-05-18,32
2020-05-19,34
2020-05-20,36
2020-05-21,30
2020-05-22,15
2020-05-23,14
2020-05-24,8
2020-05-25,23
2020-05-26,41
2020-05-27,26
2020-05-28,36
2020-05-29,23
2020-05-30,20
2020-05-31,14
2020-06-01,24
2020-06-02,22
2020-06-03,19
2020-06-04,27
2020-06-05,25
2020-06-06,29
2020-06-07,31
2020-06-08,70
2020-06-09,49
2020-06-10,44
2020-06-11,20
2020-06-12,38
2020-06-13,17
2020-06-14,19
2020-06-15,46
2020-06-16,32
2020-06-17,23
2020-06-18,15
2020-06-19,22
2020-06-20,34
2020-06-21,32
2020-06-22,36
2020-06-23,37
2020-06-24,23
2020-06-25,28
2020-06-26,39
2020-06-27,20
2020-06-28,28
2020-06-29,40
2020-06-30,31
2020-07-01,50
2020-07-02,31
2020-07-03,37
2020-07-04,39
2020-07-05,36
2020-07-06,46
2020-07-07,43
2020-07-08,42
2020-07-09,53
2020-07-10,45
2020-07-11,29
2020-07-12,24
2020-07-13,34
2020-07-14,36
2020-07-15,33
2020-07-16,37
2020-07-17,29
2020-07-18,28
2020-07-19,29
2020-07-20,43
2020-07-21,31
2020-07-22,42
2020-07-23,43
2020-07-24,36
2020-07-25,32
2020-07-26,27
2020-07-27,40
2020-07-28,29
2020-07-29,23
2020-07-30,36
2020-07-31,35
2020-08-01,17
2020-08-02,21
2020-08-03,47
2020-08-04,43
2020-08-05,36
2020-08-06,36
2020-08-07,12
2020-08-08,25
2020-08-09,22
2020-08-10,31
2020-08-11,26
2020-08-12,23
2020-08-13,26
2020-08-14,36
2020-08-15,28
2020-08-16,36
2020-08-17,44
2020-08-18,36
2020-08-19,35
2020-08-20,39
2020-08-21,40
2020-08-22,27
2020-08-23,17
2020-08-24,56
2020-08-25,36
2020-08-26,40
2020-08-27,39
2020-08-28,26
2020-08-29,28
2020-08-30,31
2020-08-31,46
2020-09-01,40
2020-09-02,38
2020-09-03,42
2020-09-04,27
2020-09-05,30
2020-09-06,20
2020-09-07,25
2020-09-08,21
2020-09-09,15
2020-09-10,27
2020-09-11,19
2020-09-12,17
2020-09-13,14
2020-09-14,11
2020-09-15,25
2020-09-16,36
2020-09-17,39
2020-09-18,22
2020-09-19,21
2020-09-20,23
2020-09-21,19
2020-09-22,32
2020-09-23,40
2020-09-24,36
2020-09-25,33
2020-09-26,20
2020-09-27,16
2020-09-28,23
2020-09-29,31
2020-09-30,50
2020-10-01,50
2020-10-02,45
2020-10-03,22
2020-10-04,16
2020-10-05,24
2020-10-06,29
2020-10-07,39
2020-10-08,47
2020-10-09,32
2020-10-10,15
2020-10-11,31
2020-10-12,27
2020-10-13,39
2020-10-14,30
2020-10-15,28
2020-10-16,34
2020-10-17,14
2020-10-18,23
2020-10-19,35
2020-10-20,22
2020-10-21,27
2020-10-22,24
2020-10-23,22
2020-10-24,26
2020-10-25,21
2020-10-26,29
2020-10-27,39
2020-10-28,28
2020-10-29,18
2020-10-30,27
2020-10-31,15
2020-11-01,19
2020-11-02,10
2020-11-03,22
2020-11-04,25
2020-11-05,23
2020-11-06,22
2020-11-07,15
2020-11-08,19
2020-11-09,14
2020-11-10,12
2020-11-11,17
2020-11-12,16
2020-11-13,15
2020-11-14,10
2020-11-15,19
2020-11-16,27
2020-11-17,44
2020-11-18,23
2020-11-19,19
2020-11-20,15
2020-11-21,10
2020-11-22,21
2020-11-23,12
2020-11-24,30
2020-11-25,22
2020-11-26,21
2020-11-27,27
2020-11-28,31
2020-11-29,24
2020-11-30,30
2020-12-01,21
2020-12-02,26
2020-12-03,18
2020-12-04,31
2020-12-05,20
2020-12-06,13
2020-12-07,48
2020-12-08,44
2020-12-09,20
2020-12-10,20
2020-12-11,19
2020-12-12,29
2020-12-13,22
2020-12-14,30
2020-12-15,31
2020-12-16,32
2020-12-17,29
2020-12-18,24
2020-12-19,20
2020-12-20,21
2020-12-21,41
2020-12-22,32
2020-12-23,42
2020-12-24,36
2020-12-25,29
2020-12-26,16
2020-12-27,31
2020-12-28,8
2020-12-29,29
2020-12-30,39
2020-12-31,40
2021-01-01,31
2021-01-02,19
2021-01-03,15
2021-01-04,22
2021-01-05,44
2021-01-06,19
2021-01-07,29
2021-01-08,24
2021-01-09,20
2021-01-10,33
2021-01-11,46
2021-01-12,35
2021-01-13,32
2021-01-14,22
2021-01-15,45
2021-01-16,24
2021-01-17,30
2021-01-18,52
2021-01-19,44
2021-01-20,33
2021-01-21,37
2021-01-22,25
2021-01-23,32
2021-01-24,35
2021-01-25,32
2021-01-26,25
2021-01-27,42
2021-01-28,23
2021-01-29,35
2021-01-30,21
2021-01-31,20
2021-02-01,29
2021-02-02,33
2021-02-03,17
2021-02-04,24
2021-02-05,40
2021-02-06,28
2021-02-07,16
2021-02-08,27
2021-02-09,25
2021-02-10,30
2021-02-11,23
2021-02-12,7
2021-02-13,22
2021-02-14,16
2021-02-15,21
2021-02-16,16
2021-02-17,21
2021-02-18,25
2021-02-19,15
2021-02-20,9
2021-02-21,16
2021-02-22,22
2021-02-23,14
2021-02-24,29
2021-02-25,29
2021-02-26,34
2021-02-27,25
2021-02-28,20
2021-03-01,20
2021-03-02,46
2021-03-03,26
2021-03-04,22
2021-03-05,13
2021-03-06,16
2021-03-07,23
2021-03-08,29
2021-03-09,32
2021-03-10,43
2021-03-11,36
2021-03-12,26
2021-03-13,17
2021-03-14,15
2021-03-15,18
2021-03-16,22
2021-03-17,25
2021-03-18,16
2021-03-19,23
2021-03-20,12
2021-03-21,21
2021-03-22,26
2021-03-23,31
2021-03-24,31
2021-03-25,33
2021-03-26,32
2021-03-27,27
2021-03-28,20
2021-03-29,27
2021-03-30,28
2021-03-31,30
2021-04-01,22
2021-04-02,34
2021-04-03,23
2021-04-04,40
2021-04-05,36
2021-04-06,32
2021-04-07,15
2021-04-08,18
2021-04-09,27
2021-04-10,20
2021-04-11,32
2021-04-12,34
2021-04-13,23
2021-04-14,15
2021-04-15,18
2021-04-16,23
2021-04-17,30
2021-04-18,15
2021-04-19,20
2021-04-20,30
2021-04-21,23
2021-04-22,25
2021-04-23,35
2021-04-24,18
2021-04-25,19
2021-04-26,22
2021-04-27,18
2021-04-28,16
2021-04-29,35
2021-04-30,24
2021-05-01,18
2021-05-02,35
2021-05-03,32
2021-05-04,34
2021-05-05,40
2021-05-06,17
2021-05-07,30
2021-05-08,28
2021-05-09,33
2021-05-10,33
2021-05-11,20
2021-05-12,22
2021-05-13,25
2021-05-14,34
2021-05-15,34
2021-05-16,26
2021-05-17,29
2021-05-18,31
2021-05-19,21
2021-05-20,26
2021-05-21,26
2021-05-22,15
2021-05-23,21
2021-05-24,20
2021-05-25,26
2021-05-26,34
2021-05-27,46
2021-05-28,40
2021-05-29,31
2021-05-30,41
2021-05-31,29
2021-06-01,39
2021-06-02,29
2021-06-03,15
2021-06-04,14
2021-06-05,35
2021-06-06,27
2021-06-07,44
2021-06-08,45
2021-06-09,36
2021-06-10,21
2021-06-11,31
2021-06-12,20
2021-06-13,19
2021-06-14,37
2021-06-15,43
2021-06-16,41
2021-06-17,35
2021-06-18,19
2021-06-19,20
2021-06-20,24
2021-06-21,37
2021-06-22,35
2021-06-23,34
2021-06-24,42
2021-06-25,34
2021-06-26,25
2021-06-27,29
2021-06-28,33
2021-06-29,28
2021-06-30,33
2021-07-01,60
2021-07-02,49
2021-07-03,20
2021-07-04,18
2021-07-05,21
2021-07-06,13
2021-07-07,25
2021-07-08,40
2021-07-09,29
2021-07-10,18
2021-07-11,20
2021-07-12,22
2021-07-13,43
2021-07-14,33
2021-07-15,30
2021-07-16,35
2021-07-17,21
2021-07-18,13
2021-07-19,17
2021-07-20,22
2021-07-21,23
2021-07-22,22
2021-07-23,47
2021-07-24,30
2021-07-25,31
2021-07-26,52
2021-07-27,25
2021-07-28,27
2021-07-29,40
2021-07-30,33
2021-07-31,22
2021-08-01,22
2021-08-02,41
2021-08-03,43
2021-08-04,33
2021-08-05,24
2021-08-06,13
2021-08-07,13
2021-08-08,23
2021-08-09,18
2021-08-10,32
2021-08-11,26
2021-08-12,28
2021-08-13,25
2021-08-14,23
2021-08-15,27
2021-08-16,46
2021-08-17,32
2021-08-18,52
2021-08-19,25
2021-08-20,26
2021-08-21,25
2021-08-22,35
2021-08-23,42
2021-08-24,42
2021-08-25,34
2021-08-26,28
2021-08-27,24
2021-08-28,28
2021-08-29,34
2021-08-30,58
2021-08-31,54
2021-09-01,38
2021-09-02,29
2021-09-03,21
2021-09-04,30
2021-09-05,29
2021-09-06,17
2021-09-07,26
2021-09-08,16
2021-09-09,26
2021-09-10,29
2021-09-11,35
2021-09-12,28
2021-09-13,39
2021-09-14,19
2021-09-15,22
2021-09-16,37
2021-09-17,48
2021-09-18,36
2021-09-19,21
2021-09-20,31
2021-09-21,20
2021-09-22,37
2021-09-23,39
2021-09-24,31
2021-09-25,20
2021-09-26,19
2021-09-27,40
2021-09-28,38
2021-09-29,40
2021-09-30,28
2021-10-01,34
2021-10-02,29
2021-10-03,26
2021-10-04,53
2021-10-05,46
2021-10-06,41
2021-10-07,54
2021-10-08,41
2021-10-09,22
2021-10-10,26
2021-10-11,33
2021-10-12,27
2021-10-13,57
2021-10-14,54
2021-10-15,35
2021-10-16,24
2021-10-17,28
2021-10-18,39
2021-10-19,32
2021-10-20,32
2021-10-21,17
2021-10-22,18
2021-10-23,31
2021-10-24,31
2021-10-25,26
2021-10-26,25
2021-10-27,28
2021-10-28,22
2021-10-29,20
2021-10-30,24
2021-10-31,21
2021-11-01,28
2021-11-02,39
2021-11-03,32
2021-11-04,31
2021-11-05,26
2021-11-06,22
2021-11-07,23
2021-11-08,37
2021-11-09,34
2021-11-10,20
2021-11-11,26
2021-11-12,33
2021-11-13,16
2021-11-14,26
2021-11-15,38
2021-11-16,46
2021-11-17,44
2021-11-18,25
2021-11-19,12
2021-11-20,20
2021-11-21,35
2021-11-22,38
2021-11-23,36
2021-11-24,21
2021-11-25,23
2021-11-26,27
2021-11-27,30
2021-11-28,30
2021-11-29,44
2021-11-30,31
2021-12-01,38
2021-12-02,43
2021-12-03,33
2021-12-04,21
2021-12-05,18
2021-12-06,24
2021-12-07,29
2021-12-08,28
2021-12-09,31
2021-12-10,24
2021-12-11,14
2021-12-12,25
2021-12-13,34
2021-12-14,18
2021-12-15,27
2021-12-16,28
2021-12-17,30
2021-12-18,18
2021-12-19,24
2021-12-20,34
2021-12-21,30
2021-12-22,29
2021-12-23,32
2021-12-24,19
2021-12-25,19
2021-12-26,29
2021-12-27,35
2021-12-28,26
2021-12-29,24
2021-12-30,34
2021-12-31,29
2022-01-01,24
2022-01-02,30
2022-01-03,37
2022-01-04,51
2022-01-05,37
2022-01-06,40
2022-01-07,28
2022-01-08,25
2022-01-09,19
2022-01-10,30
2022-01-11,32
2022-01-12,40
2022-01-13,46
2022-01-14,22
2022-01-15,23
2022-01-16,14
2022-01-17,42
2022-01-18,39
2022-01-19,25
2022-01-20,15
2022-01-21,23
2022-01-22,20
2022-01-23,15
2022-01-24,23
2022-01-25,33
2022-01-26,19
2022-01-27,27
2022-01-28,22
2022-01-29,21
2022-01-30,30
2022-01-31,27
2022-02-01,15
2022-02-02,22
2022-02-03,41
2022-02-04,40
2022-02-05,12
2022-02-06,21
2022-02-07,36
2022-02-08,23
2022-02-09,19
2022-02-10,33
2022-02-11,26
2022-02-12,17
2022-02-13,25
2022-02-14,36
2022-02-15,37
2022-02-16,31
2022-02-17,18
2022-02-18,14
2022-02-19,16
2022-02-20,17
2022-02-21,44
2022-02-22,33
2022-02-23,18
2022-02-24,15
2022-02-25,17
2022-02-26,21
2022-02-27,19
2022-02-28,26
2022-03-01,38
2022-03-02,36
2022-03-03,33
2022-03-04,21
2022-03-05,13
2022-03-06,29
2022-03-07,38
2022-03-08,29
2022-03-09,45
2022-03-10,22
2022-03-11,33
2022-03-12,22
2022-03-13,25
2022-03-14,28
2022-03-15,42
2022-03-16,43
2022-03-17,28
2022-03-18,39
2022-03-19,31
2022-03-20,24
2022-03-21,23
2022-03-22,27
2022-03-23,37
2022-03-24,33
2022-03-25,33
2022-03-26,27
2022-03-27,15
2022-03-28,31
2022-03-29,40
2022-03-30,22
2022-03-31,22
2022-04-01,20
2022-04-02,24
2022-04-03,42
2022-04-04,41
2022-04-05,27
2022-04-06,34
2022-04-07,27
2022-04-08,22
2022-04-09,30
2022-04-10,24
2022-04-11,46
2022-04-12,49
2022-04-13,22
2022-04-14,29
2022-04-15,23
2022-04-16,9
2022-04-17,18
2022-04-18,40
2022-04-19,28
2022-04-20,36
2022-04-21,31
2022-04-22,36
2022-04-23,20
2022-04-24,21
2022-04-25,13
2022-04-26,20
2022-04-27,22
2022-04-28,50
2022-04-29,32
2022-04-30,20
2022-05-01,28
2022-05-02,30
2022-05-03,26
2022-05-04,32
2022-05-05,32
2022-05-06,24
2022-05-07,24
2022-05-08,23
2022-05-09,40
2022-05-10,34
2022-05-11,41
2022-05-12,38
2022-05-13,23
2022-05-14,21
2022-05-15,22
2022-05-16,13
2022-05-17,29
2022-05-18,28
2022-05-19,26
2022-05-20,31
2022-05-21,23
2022-05-22,27
2022-05-23,23
2022-05-24,30
2022-05-25,39
2022-05-26,31
2022-05-27,33
2022-05-28,22
2022-05-29,29
2022-05-30,38
2022-05-31,33
2022-06-01,41
2022-06-02,43
2022-06-03,31
2022-06-04,23
2022-06-05,32
2022-06-06,41
2022-06-07,45
2022-06-08,60
2022-06-09,76
2022-06-10,59
2022-06-11,29
2022-06-12,22
2022-06-13,54
2022-06-14,33
2022-06-15,21
2022-06-16,34
2022-06-17,57
2022-06-18,21
2022-06-19,10
2022-06-20,38
2022-06-21,47
2022-06-22,35
2022-06-23,54
2022-06-24,47
2022-06-25,21
2022-06-26,28
2022-06-27,47
2022-06-28,51
2022-06-29,26
2022-06-30,33
2022-07-01,22
2022-07-02,32
2022-07-03,41
2022-07-04,50
2022-07-05,47
2022-07-06,48
2022-07-07,56
2022-07-08,39
2022-07-09,23
2022-07-10,27
2022-07-11,18
2022-07-12,34
2022-07-13,45
2022-07-14,35
2022-07-15,44
2022-07-16,24
2022-07-17,39
2022-07-18,53
2022-07-19,38
2022-07-20,51
2022-07-21,60
2022-07-22,48
2022-07-23,19
2022-07-24,30
2022-07-25,40
2022-07-26,56
2022-07-27,46
2022-07-28,40
2022-07-29,30
2022-07-30,25
2022-07-31,31
2022-08-01,56
2022-08-02,42
2022-08-03,38
2022-08-04,30
2022-08-05,26
2022-08-06,39
2022-08-07,52
2022-08-08,43
2022-08-09,41
2022-08-10,34
2022-08-11,41
2022-08-12,37
2022-08-13,23
2022-08-14,29
2022-08-15,50
2022-08-16,53
2022-08-17,54
2022-08-18,39
2022-08-19,47
2022-08-20,33
2022-08-21,34
2022-08-22,43
2022-08-23,40
2022-08-24,47
2022-08-25,41
2022-08-26,29
2022-08-27,24
2022-08-28,48
2022-08-29,45
2022-08-30,49
2022-08-31,50
2022-09-01,30
2022-09-02,23
2022-09-03,18
2022-09-04,15
2022-09-05,30
2022-09-06,57
2022-09-07,54
2022-09-08,49
2022-09-09,37
2022-09-10,21
2022-09-11,45
2022-09-12,36
2022-09-13,34
2022-09-14,45
2022-09-15,32
2022-09-16,36
2022-09-17,21
2022-09-18,26
2022-09-19,40
2022-09-20,42
2022-09-21,41
2022-09-22,32
2022-09-23,27
2022-09-24,32
2022-09-25,25
2022-09-26,42
2022-09-27,43
2022-09-28,43
2022-09-29,47
2022-09-30,53
2022-10-01,17
2022-10-02,29
2022-10-03,41
2022-10-04,47
2022-10-05,34
2022-10-06,42
2022-10-07,32
2022-10-08,30
2022-10-09,36
2022-10-10,59
2022-10-11,49
2022-10-12,43
2022-10-13,48
2022-10-14,34
2022-10-15,27
2022-10-16,32
2022-10-17,59
2022-10-18,32
2022-10-19,42
2022-10-20,38
2022-10-21,33
2022-10-22,37
2022-10-23,41
2022-10-24,30
2022-10-25,51
2022-10-26,55
2022-10-27,43
2022-10-28,38
2022-10-29,30
2022-10-30,20
2022-10-31,37
2022-11-01,41
2022-11-02,32
2022-11-03,25
2022-11-04,19
2022-11-05,11
2022-11-06,26
2022-11-07,45
2022-11-08,52
2022-11-09,37
2022-11-10,29
2022-11-11,32
2022-11-12,40
2022-11-13,39
2022-11-14,46
2022-11-15,27
2022-11-16,23
2022-11-17,24
2022-11-18,40
2022-11-19,22
2022-11-20,27
2022-11-21,43
2022-11-22,26
2022-11-23,42
2022-11-24,52
2022-11-25,34
2022-11-26,23
2022-11-27,32
2022-11-28,59
2022-11-29,66
2022-11-30,68
2022-12-01,50
2022-12-02,58
2022-12-03,33
2022-12-04,22
2022-12-05,22
2022-12-06,31
2022-12-07,18
2022-12-08,37
2022-12-09,44
2022-12-10,19
2022-12-11,31
2022-12-12,45
2022-12-13,36
2022-12-14,40
2022-12-15,31
2022-12-16,22
2022-12-17,37
2022-12-18,23
2022-12-19,69
2022-12-20,51
2022-12-21,59
2022-12-22,41
2022-12-23,39
2022-12-24,34
2022-12-25,25
2022-12-26,33
2022-12-27,45
2022-12-28,37
2022-12-29,43
2022-12-30,33
2022-12-31,27
2023-01-01,36
2023-01-02,34
2023-01-03,30
2023-01-04,38
2023-01-05,44
2023-01-06,35
2023-01-07,38
2023-01-08,35
2023-01-09,44
2023-01-10,39
2023-01-11,26
2023-01-12,40
2023-01-13,35
2023-01-14,33
2023-01-15,39
2023-01-16,51
2023-01-17,45
2023-01-18,19
2023-01-19,33
2023-01-20,40
2023-01-21,26
2023-01-22,16
2023-01-23,32
2023-01-24,28
2023-01-25,32
2023-01-26,48
2023-01-27,29
2023-01-28,25
2023-01-29,26
2023-01-30,30
2023-01-31,34
2023-02-01,34
2023-02-02,38
2023-02-03,43
2023-02-04,34
2023-02-05,28
2023-02-06,40
2023-02-07,31
2023-02-08,40
2023-02-09,23
2023-02-10,40
2023-02-11,24
2023-02-12,42
2023-02-13,42
2023-02-14,45
2023-02-15,42
2023-02-16,45
2023-02-17,40
2023-02-18,27
2023-02-19,24
2023-02-20,40
2023-02-21,54
2023-02-22,50
2023-02-23,52
2023-02-24,45
2023-02-25,33
2023-02-26,33
2023-02-27,35
2023-02-28,33
2023-03-01,46
2023-03-02,51
2023-03-03,57
2023-03-04,32
2023-03-05,26
2023-03-06,49
2023-03-07,47
2023-03-08,38
2023-03-09,36
2023-03-10,33
2023-03-11,22
2023-03-12,37
2023-03-13,37
2023-03-14,63
2023-03-15,44
2023-03-16,32
2023-03-17,47
2023-03-18,35
2023-03-19,15
2023-03-20,46
2023-03-21,25
2023-03-22,37
2023-03-23,51
2023-03-24,23
2023-03-25,18
2023-03-26,25
2023-03-27,44
2023-03-28,43
2023-03-29,41
2023-03-30,42
2023-03-31,29
2023-04-01,11
2023-04-02,27
2023-04-03,37
2023-04-04,33
2023-04-05,34
2023-04-06,20
2023-04-07,22
2023-04-08,27
2023-04-09,20
2023-04-10,37
2023-04-11,35
2023-04-12,43
2023-04-13,35
2023-04-14,28
2023-04-15,34
2023-04-16,35
2023-04-17,27
2023-04-18,35
2023-04-19,30
2023-04-20,42
2023-04-21,43
2023-04-22,26
2023-04-23,26
2023-04-24,40
2023-04-25,23
2023-04-26,36
2023-04-27,39
2023-04-28,40
2023-04-29,24
2023-04-30,34
2023-05-01,29
2023-05-02,29
2023-05-03,43
2023-05-04,39
2023-05-05,43
2023-05-06,30
2023-05-07,27
2023-05-08,46
2023-05-09,41
2023-05-10,35
2023-05-11,44
2023-05-12,46
2023-05-13,17
2023-05-14,27
2023-05-15,33
2023-05-16,56
2023-05-17,63
2023-05-18,40
2023-05-19,39
2023-05-20,21
2023-05-21,32
2023-05-22,37
2023-05-23,34
2023-05-24,31
2023-05-25,29
2023-05-26,33
2023-05-27,28
2023-05-28,26
2023-05-29,18
2023-05-30,38
2023-05-31,58
2023-06-01,54
2023-06-02,55
2023-06-03,22
2023-06-04,36
2023-06-05,53
2023-06-06,33
2023-06-07,25
2023-06-08,31
2023-06-09,43
2023-06-10,26
2023-06-11,19
2023-06-12,40
2023-06-13,53
2023-06-14,42
2023-06-15,42
2023-06-16,32
2023-06-17,23
2023-06-18,25
2023-06-19,39
2023-06-20,71
2023-06-21,45
2023-06-22,45
2023-06-23,44
2023-06-24,35
2023-06-25,13
2023-06-26,34
2023-06-27,21
2023-06-28,32
2023-06-29,37
2023-06-30,46
2023-07-01,37
2023-07-02,31
2023-07-03,50
2023-07-04,42
2023-07-05,49
2023-07-06,42
2023-07-07,38
2023-07-08,28
2023-07-09,25
2023-07-10,20
2023-07-11,28
2023-07-12,42
2023-07-13,44
2023-07-14,32
2023-07-15,23
2023-07-16,32
2023-07-17,38
2023-07-18,20
2023-07-19,19
2023-07-20,38
2023-07-21,46
2023-07-22,40
2023-07-23,43
2023-07-24,49
2023-07-25,40
2023-07-26,31
2023-07-27,26
2023-07-28,37
2023-07-29,34
2023-07-30,40
2023-07-31,60
2023-08-01,50
2023-08-02,40
2023-08-03,29
2023-08-04,29
2023-08-05,27
2023-08-06,38
2023-08-07,44
2023-08-08,35
2023-08-09,37
2023-08-10,33
2023-08-11,38
2023-08-12,28
2023-08-13,36
2023-08-14,31
2023-08-15,39
2023-08-16,40
2023-08-17,36
2023-08-18,43
2023-08-19,30
2023-08-20,33
2023-08-21,43
2023-08-22,32
2023-08-23,38
2023-08-24,28
2023-08-25,46
2023-08-26,28
2023-08-27,34
2023-08-28,59
2023-08-29,45
2023-08-30,32
2023-08-31,27
2023-09-01,30
2023-09-02,26
2023-09-03,24
2023-09-04,34
2023-09-05,43
2023-09-06,37
2023-09-07,29
2023-09-08,41
2023-09-09,23
2023-09-10,28
2023-09-11,29
2023-09-12,29
2023-09-13,35
2023-09-14,36
2023-09-15,33
2023-09-16,32
2023-09-17,34
2023-09-18,41
2023-09-19,48
2023-09-20,53
2023-09-21,43
2023-09-22,48
2023-09-23,23
2023-09-24,13
2023-09-25,25
2023-09-26,32
2023-09-27,34
2023-09-28,47
2023-09-29,36
2023-09-30,28
2023-10-01,31
2023-10-02,34
2023-10-03,36
2023-10-04,34
2023-10-05,45
2023-10-06,36
2023-10-07,34
2023-10-08,36
2023-10-09,44
2023-10-10,43
2023-10-11,40
2023-10-12,39
2023-10-13,38
2023-10-14,22
2023-10-15,25
2023-10-16,31
2023-10-17,47
2023-10-18,30
2023-10-19,39
2023-10-20,31
2023-10-21,26
2023-10-22,19
2023-10-23,31
2023-10-24,42
2023-10-25,43
2023-10-26,33
2023-10-27,34
2023-10-28,16
2023-10-29,25
2023-10-30,21
2023-10-31,21
2023-11-01,23
2023-11-02,35
2023-11-03,31
2023-11-04,26
2023-11-05,18
2023-11-06,41
2023-11-07,29
2023-11-08,37
2023-11-09,38
2023-11-10,27
2023-11-11,27
2023-11-12,27
2023-11-13,38
2023-11-14,30
2023-11-15,15
2023-11-16,21
2023-11-17,32
2023-11-18,24
2023-11-19,26
2023-11-20,24
2023-11-21,25
2023-11-22,33
2023-11-23,33
2023-11-24,34
2023-11-25,34
2023-11-26,34
2023-11-27,26
2023-11-28,36
2023-11-29,27
2023-11-30,28
2023-12-01,37
2023-12-02,23
2023-12-03,16
2023-12-04,49
2023-12-05,27
2023-12-06,25
2023-12-07,31
2023-12-08,36
2023-12-09,28
2023-12-10,28
2023-12-11,36
2023-12-12,29
2023-12-13,34
2023-12-14,35
2023-12-15,42
2023-12-16,30
2023-12-17,28
2023-12-18,42
2023-12-19,50
2023-12-20,36
2023-12-21,33
2023-12-22,31
2023-12-23,39
2023-12-24,20
2023-12-25,12
2023-12-26,21
2023-12-27,34
2023-12-28,33
2023-12-29,35
2023-12-30,31
2023-12-31,23
2024-01-01,18
2024-01-02,36
2024-01-03,51
2024-01-04,29
2024-01-05,39
2024-01-06,42
2024-01-07,45
2024-01-08,52
2024-01-09,46
2024-01-10,43
2024-01-11,35
2024-01-12,40
2024-01-13,31
2024-01-14,35
2024-01-15,37
2024-01-16,50
2024-01-17,39
2024-01-18,34
2024-01-19,32
2024-01-20,28
2024-01-21,21
2024-01-22,29
2024-01-23,44
2024-01-24,41
2024-01-25,41
2024-01-26,40
2024-01-27,21
2024-01-28,24
2024-01-29,40
2024-01-30,46
2024-01-31,44
2024-02-01,34
2024-02-02,45
2024-02-03,30
2024-02-04,23
2024-02-05,36
2024-02-06,51
2024-02-07,69
2024-02-08,41
2024-02-09,34
2024-02-10,30
2024-02-11,35
2024-02-12,46
2024-02-13,34
2024-02-14,39
2024-02-15,32
2024-02-16,39
2024-02-17,24
2024-02-18,29
2024-02-19,61
2024-02-20,41
2024-02-21,40
2024-02-22,55
2024-02-23,41
2024-02-24,26
2024-02-25,27
2024-02-26,35
2024-02-27,32
2024-02-28,29
2024-02-29,31
2024-03-01,18
2024-03-02,24
2024-03-03,29
2024-03-04,30
2024-03-05,34
2024-03-06,46
2024-03-07,43
2024-03-08,33
2024-03-09,29
2024-03-10,33
2024-03-11,54
2024-03-12,34
2024-03-13,35
2024-03-14,26
2024-03-15,55
2024-03-16,37
2024-03-17,47
2024-03-18,41
2024-03-19,39
2024-03-20,35
2024-03-21,46
2024-03-22,47
2024-03-23,19
2024-03-24,18
2024-03-25,39
2024-03-26,53
2024-03-27,37
2024-03-28,36
2024-03-29,29
2024-03-30,24
2024-03-31,27
