state,next_state,prob,ci_low,ci_high
inactive,inactive,0.8724340175953079,0.8561693329434861,0.8885693470648901
inactive,view_only,0.054252199413489736,0.042908311310782245,0.06755753526354863
inactive,engaged,0.07331378299120235,0.061266194921524485,0.0878662693236896
view_only,inactive,0.8571428571428571,0.7762956498388829,0.9265231092436975
view_only,view_only,0.047619047619047616,0.0,0.10752688172043011
view_only,engaged,0.09523809523809523,0.038080357142857145,0.16250726744186048
engaged,inactive,0.8482142857142857,0.7878787878787878,0.9111274509803922
engaged,view_only,0.08928571428571429,0.039603960396039604,0.14414630977130977
engaged,engaged,0.0625,0.018518518518518517,0.10834777227722771
