community,action,n_days,avg_d1,std_d1,iqr_d1,total_base,total_returned,agg_d1,avg_base,median_base,min_base,max_base,days_base_lt10
fitness,like,5,0.07333333333333333,0.09043106644167025,0.16666666666666666,30,2,0.06666666666666667,6.0,6.0,5,7,5
fitness,view,16,0.16156881313131313,0.13855098987267786,0.22916666666666666,127,22,0.1732283464566929,7.9375,8.0,5,12,14
food,like,7,0.1492063492063492,0.15474358865973256,0.26666666666666666,41,6,0.14634146341463414,5.857142857142857,5.0,5,9,7
food,view,17,0.17552104757987114,0.1189893229031135,0.1590909090909091,135,24,0.17777777777777778,7.9411764705882355,8.0,5,13,13
games,view,16,0.13427579365079365,0.142230484218616,0.20555555555555555,111,14,0.12612612612612611,6.9375,6.5,5,11,14
study,view,17,0.0907563025210084,0.10364145658263306,0.14285714285714285,123,11,0.08943089430894309,7.235294117647059,8.0,5,12,15
tech,like,6,0.21746031746031746,0.15050096909375948,0.19285714285714287,36,8,0.2222222222222222,6.0,6.0,5,7,6
tech,view,13,0.08211233211233211,0.11826548746437848,0.14285714285714285,103,10,0.0970873786407767,7.923076923076923,7.0,5,12,10
travel,view,17,0.13404683551742375,0.10596559355329044,0.18181818181818182,129,19,0.14728682170542637,7.588235294117647,7.0,5,13,15
