user_id,event_date,community,content_type,action
u020,2025-12-01,tech,image,comment
u020,2025-12-01,study,image,comment
u051,2025-12-01,games,image,post
u007,2025-12-01,fitness,text,view
u007,2025-12-01,study,video,like
u007,2025-12-01,study,image,view
u010,2025-12-01,study,image,view
u010,2025-12-01,study,text,like
u010,2025-12-01,travel,image,like
u010,2025-12-01,travel,text,view
u069,2025-12-01,tech,image,like
u069,2025-12-01,food,text,view
u069,2025-12-01,tech,text,comment
u069,2025-12-01,games,text,like
u013,2025-12-01,food,text,view
u013,2025-12-01,games,video,view
u013,2025-12-01,study,image,view
u013,2025-12-01,food,text,comment
u013,2025-12-01,travel,image,view
u013,2025-12-01,games,video,view
u013,2025-12-01,tech,text,view
u047,2025-12-01,tech,video,like
u047,2025-12-01,travel,video,view
u047,2025-12-01,travel,text,view
u047,2025-12-01,travel,text,like
u047,2025-12-01,fitness,image,like
u008,2025-12-01,travel,text,view
u008,2025-12-01,study,text,view
u008,2025-12-01,travel,video,view
u008,2025-12-01,travel,video,view
u008,2025-12-01,travel,video,like
u008,2025-12-01,fitness,text,view
u008,2025-12-01,games,text,like
u065,2025-12-01,games,text,view
u065,2025-12-01,study,image,view
u065,2025-12-01,tech,video,post
u028,2025-12-01,tech,image,view
u005,2025-12-01,travel,text,view
u005,2025-12-01,games,text,like
u005,2025-12-01,travel,text,post
u005,2025-12-01,games,text,view
u005,2025-12-01,study,text,like
u005,2025-12-01,games,text,view
u005,2025-12-01,travel,text,view
u012,2025-12-01,study,text,post
u012,2025-12-01,travel,video,view
u012,2025-12-01,travel,text,view
u012,2025-12-01,tech,text,view
u012,2025-12-01,tech,text,view
u056,2025-12-01,study,text,view
u054,2025-12-01,food,video,like
u009,2025-12-01,food,text,like
u009,2025-12-01,food,image,comment
u031,2025-12-01,study,video,like
u031,2025-12-01,fitness,video,post
u031,2025-12-01,tech,video,comment
u031,2025-12-01,travel,text,view
u031,2025-12-01,games,image,view
u031,2025-12-01,fitness,image,view
u076,2025-12-01,tech,video,view
u076,2025-12-01,food,text,post
u076,2025-12-01,travel,text,view
u076,2025-12-01,study,video,view
u076,2025-12-01,games,text,like
u076,2025-12-01,tech,text,like
u036,2025-12-01,tech,image,comment
u036,2025-12-01,fitness,text,view
u071,2025-12-01,tech,text,view
u071,2025-12-01,games,image,view
u071,2025-12-01,fitness,text,view
u071,2025-12-01,travel,video,like
u071,2025-12-01,study,video,view
u071,2025-12-01,food,text,like
u004,2025-12-01,tech,image,view
u004,2025-12-01,fitness,text,view
u004,2025-12-01,fitness,text,comment
u038,2025-12-02,fitness,image,comment
u065,2025-12-02,travel,image,view
u065,2025-12-02,games,text,view
u065,2025-12-02,study,text,view
u031,2025-12-02,games,text,comment
u031,2025-12-02,games,text,view
u076,2025-12-02,games,text,like
u042,2025-12-02,travel,text,like
u042,2025-12-02,study,video,comment
u042,2025-12-02,food,video,like
u042,2025-12-02,fitness,video,comment
u034,2025-12-02,travel,text,view
u034,2025-12-02,fitness,text,view
u034,2025-12-02,food,image,view
u070,2025-12-02,tech,image,comment
u070,2025-12-02,fitness,video,view
u070,2025-12-02,games,text,view
u054,2025-12-02,tech,video,view
u054,2025-12-02,travel,video,view
u054,2025-12-02,travel,text,view
u054,2025-12-02,tech,text,view
u054,2025-12-02,travel,text,view
u054,2025-12-02,food,text,view
u054,2025-12-02,games,text,view
u054,2025-12-02,fitness,video,comment
u017,2025-12-02,food,text,view
u017,2025-12-02,food,image,like
u008,2025-12-02,tech,video,comment
u008,2025-12-02,fitness,text,view
u008,2025-12-02,travel,image,view
u008,2025-12-02,games,image,view
u008,2025-12-02,games,text,view
u008,2025-12-02,games,video,view
u008,2025-12-02,fitness,text,view
u046,2025-12-02,food,video,view
u046,2025-12-02,food,image,view
u059,2025-12-02,fitness,video,view
u067,2025-12-02,fitness,text,view
u067,2025-12-02,food,text,view
u067,2025-12-02,travel,text,view
u073,2025-12-02,games,video,view
u073,2025-12-02,games,image,view
u073,2025-12-02,fitness,text,like
u079,2025-12-02,games,image,comment
u079,2025-12-02,tech,text,like
u079,2025-12-02,travel,video,comment
u079,2025-12-02,fitness,video,view
u072,2025-12-02,tech,image,view
u072,2025-12-02,food,video,view
u072,2025-12-02,games,text,comment
u072,2025-12-02,food,text,like
u072,2025-12-02,tech,video,view
u072,2025-12-02,tech,video,comment
u020,2025-12-02,games,text,like
u020,2025-12-02,travel,text,view
u020,2025-12-02,food,video,view
u020,2025-12-02,fitness,text,view
u075,2025-12-02,fitness,text,view
u075,2025-12-02,travel,text,view
u075,2025-12-02,fitness,text,like
u075,2025-12-02,food,video,view
u075,2025-12-02,study,text,view
u039,2025-12-03,study,text,like
u039,2025-12-03,study,image,view
u039,2025-12-03,games,video,comment
u039,2025-12-03,tech,image,like
u039,2025-12-03,fitness,text,like
u039,2025-12-03,tech,text,view
u039,2025-12-03,travel,image,view
u080,2025-12-03,tech,text,like
u030,2025-12-03,games,image,view
u030,2025-12-03,study,text,view
u030,2025-12-03,tech,image,view
u030,2025-12-03,games,video,view
u030,2025-12-03,fitness,text,view
u011,2025-12-03,travel,text,view
u011,2025-12-03,food,image,comment
u011,2025-12-03,tech,text,like
u011,2025-12-03,food,text,like
u011,2025-12-03,food,image,like
u011,2025-12-03,travel,text,view
u011,2025-12-03,tech,text,view
u011,2025-12-03,travel,text,view
u075,2025-12-03,travel,image,view
u075,2025-12-03,study,text,post
u075,2025-12-03,travel,text,post
u075,2025-12-03,study,video,view
u075,2025-12-03,food,text,view
u068,2025-12-03,games,text,view
u068,2025-12-03,food,text,view
u068,2025-12-03,study,text,comment
u068,2025-12-03,food,text,view
u020,2025-12-03,fitness,text,view
u020,2025-12-03,travel,text,view
u020,2025-12-03,travel,text,like
u020,2025-12-03,food,text,view
u020,2025-12-03,travel,text,like
u020,2025-12-03,tech,text,comment
u020,2025-12-03,food,text,like
u020,2025-12-03,study,text,view
u050,2025-12-03,games,text,like
u050,2025-12-03,tech,text,view
u050,2025-12-03,fitness,video,comment
u050,2025-12-03,food,text,view
u050,2025-12-03,travel,video,view
u050,2025-12-03,tech,text,comment
u050,2025-12-03,study,text,comment
u042,2025-12-03,tech,text,view
u042,2025-12-03,fitness,image,like
u064,2025-12-03,study,text,view
u064,2025-12-03,food,text,view
u064,2025-12-03,tech,video,view
u064,2025-12-03,tech,text,view
u064,2025-12-03,tech,text,view
u074,2025-12-03,games,text,like
u074,2025-12-03,travel,image,comment
u074,2025-12-03,food,video,view
u037,2025-12-03,study,text,view
u037,2025-12-03,food,image,view
u037,2025-12-03,food,text,view
u037,2025-12-03,games,image,like
u037,2025-12-03,travel,image,view
u037,2025-12-03,food,text,view
u037,2025-12-03,food,image,view
u037,2025-12-03,tech,text,view
u019,2025-12-03,fitness,text,view
u019,2025-12-03,travel,video,like
u019,2025-12-03,games,text,comment
u019,2025-12-03,travel,video,view
u006,2025-12-03,travel,video,view
u006,2025-12-03,study,video,comment
u006,2025-12-03,fitness,image,post
u006,2025-12-03,fitness,text,view
u006,2025-12-03,tech,image,like
u006,2025-12-03,travel,text,comment
u006,2025-12-03,games,image,like
u006,2025-12-03,games,image,view
u066,2025-12-03,tech,text,post
u066,2025-12-03,tech,image,like
u066,2025-12-03,food,text,view
u066,2025-12-03,travel,text,like
u066,2025-12-03,games,text,like
u059,2025-12-04,food,text,like
u059,2025-12-04,food,image,view
u059,2025-12-04,travel,text,view
u059,2025-12-04,tech,video,like
u036,2025-12-04,fitness,text,view
u036,2025-12-04,fitness,text,comment
u041,2025-12-04,food,text,like
u041,2025-12-04,study,text,like
u041,2025-12-04,travel,video,view
u041,2025-12-04,study,text,view
u041,2025-12-04,fitness,text,view
u032,2025-12-04,tech,text,view
u032,2025-12-04,tech,video,view
u032,2025-12-04,games,video,like
u061,2025-12-04,tech,video,view
u061,2025-12-04,games,text,like
u061,2025-12-04,food,video,like
u061,2025-12-04,games,text,view
u061,2025-12-04,food,text,view
u061,2025-12-04,study,video,comment
u068,2025-12-04,food,video,view
u068,2025-12-04,games,image,view
u068,2025-12-04,study,video,view
u068,2025-12-04,food,image,view
u031,2025-12-04,travel,text,view
u031,2025-12-04,travel,text,like
u031,2025-12-04,games,video,view
u031,2025-12-04,fitness,image,view
u031,2025-12-04,food,text,comment
u031,2025-12-04,study,text,view
u031,2025-12-04,tech,text,like
u031,2025-12-04,games,image,view
u071,2025-12-04,fitness,text,view
u071,2025-12-04,travel,video,like
u077,2025-12-04,travel,video,like
u077,2025-12-04,travel,text,view
u077,2025-12-04,tech,text,comment
u077,2025-12-04,fitness,image,like
u077,2025-12-04,food,text,view
u077,2025-12-04,study,text,like
u077,2025-12-04,fitness,text,view
u004,2025-12-04,travel,image,like
u004,2025-12-04,travel,video,view
u053,2025-12-04,games,text,view
u053,2025-12-04,tech,video,view
u040,2025-12-04,travel,text,view
u040,2025-12-04,fitness,image,comment
u040,2025-12-04,tech,image,comment
u008,2025-12-04,study,text,view
u008,2025-12-04,food,text,view
u008,2025-12-04,fitness,text,view
u008,2025-12-04,study,text,view
u008,2025-12-04,food,video,view
u003,2025-12-04,games,image,like
u003,2025-12-04,games,text,post
u003,2025-12-04,fitness,video,comment
u003,2025-12-04,games,video,comment
u025,2025-12-04,fitness,image,view
u025,2025-12-04,fitness,video,comment
u025,2025-12-04,fitness,text,view
u025,2025-12-04,tech,video,view
u064,2025-12-04,tech,image,like
u064,2025-12-04,food,text,view
u054,2025-12-04,food,text,view
u006,2025-12-04,food,text,comment
u006,2025-12-04,study,text,view
u006,2025-12-04,travel,text,view
u006,2025-12-04,games,image,view
u017,2025-12-04,games,image,like
u017,2025-12-04,food,text,view
u017,2025-12-04,food,text,view
u040,2025-12-05,travel,image,comment
u040,2025-12-05,fitness,text,view
u073,2025-12-05,tech,video,like
u046,2025-12-05,study,video,view
u046,2025-12-05,fitness,text,like
u046,2025-12-05,study,text,view
u046,2025-12-05,travel,text,view
u046,2025-12-05,fitness,text,comment
u046,2025-12-05,games,video,comment
u046,2025-12-05,games,image,view
u054,2025-12-05,tech,image,view
u054,2025-12-05,fitness,image,comment
u054,2025-12-05,study,text,comment
u054,2025-12-05,travel,text,comment
u054,2025-12-05,travel,video,view
u054,2025-12-05,food,text,view
u054,2025-12-05,tech,video,view
u077,2025-12-05,study,video,view
u077,2025-12-05,tech,video,like
u077,2025-12-05,study,text,view
u077,2025-12-05,food,image,comment
u003,2025-12-05,travel,text,like
u003,2025-12-05,study,text,view
u003,2025-12-05,study,video,view
u003,2025-12-05,travel,image,view
u003,2025-12-05,travel,video,like
u047,2025-12-05,games,text,view
u047,2025-12-05,games,video,view
u047,2025-12-05,tech,text,view
u047,2025-12-05,games,video,like
u047,2025-12-05,tech,text,view
u047,2025-12-05,study,video,view
u047,2025-12-05,fitness,text,like
u047,2025-12-05,study,image,view
u026,2025-12-05,travel,text,view
u026,2025-12-05,fitness,image,comment
u051,2025-12-05,food,image,view
u051,2025-12-05,food,video,view
u051,2025-12-05,travel,text,view
u051,2025-12-05,travel,text,view
u052,2025-12-05,fitness,text,like
u052,2025-12-05,fitness,text,view
u052,2025-12-05,food,image,like
u052,2025-12-05,fitness,image,comment
u052,2025-12-05,study,text,view
u027,2025-12-05,travel,image,post
u027,2025-12-05,games,text,like
u027,2025-12-05,travel,image,view
u027,2025-12-05,travel,video,view
u027,2025-12-05,food,text,like
u027,2025-12-05,fitness,text,view
u001,2025-12-05,study,text,view
u056,2025-12-05,tech,text,like
u056,2025-12-05,study,image,view
u056,2025-12-05,food,video,view
u056,2025-12-05,fitness,image,view
u056,2025-12-05,games,text,view
u056,2025-12-05,games,text,view
u021,2025-12-05,food,image,view
u021,2025-12-05,study,video,view
u021,2025-12-05,games,video,view
u021,2025-12-05,fitness,text,view
u055,2025-12-05,tech,image,like
u055,2025-12-05,food,video,view
u072,2025-12-06,tech,video,like
u045,2025-12-06,study,image,view
u045,2025-12-06,tech,text,view
u045,2025-12-06,study,text,like
u077,2025-12-06,tech,image,like
u077,2025-12-06,games,text,like
u077,2025-12-06,travel,text,view
u077,2025-12-06,fitness,text,like
u077,2025-12-06,fitness,image,view
u075,2025-12-06,tech,video,view
u075,2025-12-06,food,image,comment
u057,2025-12-06,tech,text,like
u057,2025-12-06,study,video,like
u057,2025-12-06,fitness,text,view
u057,2025-12-06,fitness,text,view
u057,2025-12-06,tech,text,view
u067,2025-12-06,food,text,like
u067,2025-12-06,study,text,view
u067,2025-12-06,tech,video,comment
u064,2025-12-06,study,image,view
u064,2025-12-06,travel,video,comment
u064,2025-12-06,food,image,view
u064,2025-12-06,study,text,view
u064,2025-12-06,fitness,text,comment
u064,2025-12-06,study,video,view
u064,2025-12-06,fitness,image,view
u064,2025-12-06,fitness,image,view
u032,2025-12-06,tech,text,like
u022,2025-12-06,study,video,view
u022,2025-12-06,tech,video,view
u022,2025-12-06,fitness,text,view
u022,2025-12-06,tech,text,view
u022,2025-12-06,tech,text,like
u022,2025-12-06,games,image,view
u001,2025-12-06,food,text,view
u001,2025-12-06,food,video,view
u001,2025-12-06,food,video,view
u001,2025-12-06,study,text,like
u006,2025-12-06,games,image,like
u006,2025-12-06,study,image,view
u006,2025-12-06,tech,text,view
u006,2025-12-06,tech,video,like
u006,2025-12-06,food,text,view
u008,2025-12-06,food,image,view
u004,2025-12-06,travel,text,view
u052,2025-12-06,study,text,post
u052,2025-12-06,food,image,comment
u052,2025-12-06,fitness,video,view
u024,2025-12-06,games,video,view
u024,2025-12-06,travel,image,like
u024,2025-12-06,games,image,like
u024,2025-12-06,travel,video,view
u031,2025-12-06,tech,text,view
u031,2025-12-06,food,text,view
u021,2025-12-06,tech,text,view
u021,2025-12-06,study,image,view
u021,2025-12-06,study,image,like
u068,2025-12-06,study,text,like
u068,2025-12-06,tech,image,comment
u068,2025-12-06,travel,text,view
u068,2025-12-06,study,text,like
u068,2025-12-06,tech,video,view
u068,2025-12-06,fitness,text,view
u059,2025-12-06,fitness,image,like
u059,2025-12-06,food,text,like
u059,2025-12-06,fitness,text,view
u050,2025-12-06,tech,text,view
u050,2025-12-06,fitness,image,view
u007,2025-12-06,fitness,text,view
u007,2025-12-06,food,text,comment
u007,2025-12-06,games,text,view
u007,2025-12-06,travel,image,comment
u007,2025-12-06,tech,text,view
u019,2025-12-07,tech,text,like
u019,2025-12-07,travel,text,comment
u019,2025-12-07,travel,text,like
u019,2025-12-07,fitness,video,like
u019,2025-12-07,games,text,view
u019,2025-12-07,games,text,view
u019,2025-12-07,fitness,image,view
u033,2025-12-07,games,video,view
u033,2025-12-07,fitness,image,view
u033,2025-12-07,tech,image,view
u033,2025-12-07,food,text,view
u078,2025-12-07,tech,text,view
u078,2025-12-07,games,image,view
u078,2025-12-07,tech,text,like
u078,2025-12-07,travel,text,view
u078,2025-12-07,travel,image,view
u078,2025-12-07,study,text,like
u078,2025-12-07,tech,text,view
u078,2025-12-07,fitness,video,post
u052,2025-12-07,fitness,text,view
u052,2025-12-07,tech,text,like
u052,2025-12-07,tech,text,like
u052,2025-12-07,food,image,post
u052,2025-12-07,travel,text,comment
u052,2025-12-07,study,image,view
u052,2025-12-07,travel,text,like
u001,2025-12-07,travel,image,view
u001,2025-12-07,tech,text,post
u001,2025-12-07,tech,image,view
u001,2025-12-07,tech,text,view
u032,2025-12-07,study,image,view
u032,2025-12-07,food,text,like
u032,2025-12-07,travel,text,view
u032,2025-12-07,food,image,comment
u032,2025-12-07,food,image,view
u032,2025-12-07,games,text,view
u032,2025-12-07,food,text,view
u032,2025-12-07,fitness,video,view
u056,2025-12-07,food,image,like
u056,2025-12-07,travel,image,view
u056,2025-12-07,tech,image,view
u054,2025-12-07,study,image,like
u054,2025-12-07,fitness,text,comment
u030,2025-12-07,tech,video,view
u030,2025-12-07,games,image,like
u030,2025-12-07,fitness,video,view
u030,2025-12-07,study,text,view
u072,2025-12-07,tech,text,comment
u072,2025-12-07,study,image,view
u072,2025-12-07,fitness,video,like
u072,2025-12-07,study,text,view
u072,2025-12-07,travel,text,view
u072,2025-12-07,tech,text,view
u072,2025-12-07,tech,image,like
u072,2025-12-07,games,image,view
u024,2025-12-07,games,text,comment
u024,2025-12-07,fitness,text,view
u024,2025-12-07,tech,text,like
u024,2025-12-07,tech,text,view
u024,2025-12-07,study,image,view
u024,2025-12-07,food,text,comment
u016,2025-12-07,games,video,view
u016,2025-12-07,travel,text,view
u016,2025-12-07,food,video,view
u016,2025-12-07,fitness,image,view
u016,2025-12-07,food,text,like
u016,2025-12-07,fitness,image,like
u016,2025-12-07,games,text,like
u059,2025-12-07,games,text,view
u059,2025-12-07,games,text,view
u059,2025-12-07,study,image,comment
u059,2025-12-07,study,video,view
u059,2025-12-07,study,text,like
u059,2025-12-07,tech,image,like
u059,2025-12-07,fitness,text,like
u074,2025-12-07,fitness,text,like
u074,2025-12-07,games,text,view
u074,2025-12-07,tech,text,view
u074,2025-12-07,fitness,image,comment
u074,2025-12-07,food,video,like
u074,2025-12-07,games,text,view
u074,2025-12-07,tech,image,view
u074,2025-12-07,travel,image,comment
u041,2025-12-07,travel,image,comment
u034,2025-12-07,games,image,view
u034,2025-12-07,tech,video,like
u034,2025-12-07,travel,text,view
u034,2025-12-07,travel,text,view
u034,2025-12-07,games,text,view
u034,2025-12-07,tech,text,view
u034,2025-12-07,games,text,post
u013,2025-12-07,games,text,view
u013,2025-12-07,travel,image,like
u058,2025-12-07,food,image,comment
u058,2025-12-07,fitness,image,like
u058,2025-12-07,tech,image,view
u027,2025-12-07,food,video,view
u027,2025-12-07,games,text,view
u027,2025-12-07,tech,image,view
u027,2025-12-07,travel,text,like
u027,2025-12-07,fitness,video,like
u027,2025-12-07,study,text,comment
u027,2025-12-07,study,image,view
u027,2025-12-07,fitness,text,view
u069,2025-12-07,tech,text,view
u069,2025-12-07,travel,text,comment
u051,2025-12-07,study,text,comment
u051,2025-12-07,study,video,view
u051,2025-12-07,study,text,like
u051,2025-12-07,games,video,like
u051,2025-12-07,food,image,like
u051,2025-12-07,fitness,text,post
u051,2025-12-07,study,image,like
u051,2025-12-07,travel,text,view
u042,2025-12-08,tech,video,like
u042,2025-12-08,study,text,view
u042,2025-12-08,tech,text,view
u042,2025-12-08,games,image,view
u034,2025-12-08,study,video,view
u034,2025-12-08,fitness,text,like
u034,2025-12-08,food,video,view
u034,2025-12-08,travel,text,view
u034,2025-12-08,fitness,text,view
u034,2025-12-08,tech,text,view
u034,2025-12-08,food,text,like
u034,2025-12-08,fitness,text,view
u035,2025-12-08,games,text,view
u035,2025-12-08,games,text,view
u035,2025-12-08,food,text,like
u035,2025-12-08,games,text,like
u035,2025-12-08,study,text,post
u035,2025-12-08,food,video,like
u035,2025-12-08,games,video,view
u035,2025-12-08,study,video,like
u055,2025-12-08,food,text,comment
u055,2025-12-08,games,text,view
u055,2025-12-08,food,video,view
u055,2025-12-08,games,video,view
u055,2025-12-08,games,image,like
u021,2025-12-08,study,text,view
u021,2025-12-08,tech,text,view
u006,2025-12-08,fitness,text,view
u006,2025-12-08,tech,text,view
u006,2025-12-08,food,video,view
u037,2025-12-08,games,video,comment
u019,2025-12-08,study,image,view
u073,2025-12-08,fitness,text,view
u073,2025-12-08,fitness,image,view
u073,2025-12-08,study,text,view
u073,2025-12-08,travel,text,like
u073,2025-12-08,games,text,view
u073,2025-12-08,travel,text,view
u073,2025-12-08,tech,video,view
u073,2025-12-08,fitness,image,view
u036,2025-12-08,fitness,text,comment
u036,2025-12-08,food,video,like
u036,2025-12-08,travel,video,view
u064,2025-12-08,tech,text,comment
u064,2025-12-08,food,video,post
u064,2025-12-08,tech,text,view
u064,2025-12-08,tech,text,view
u064,2025-12-08,study,video,like
u064,2025-12-08,fitness,text,view
u064,2025-12-08,fitness,text,view
u045,2025-12-08,fitness,text,view
u045,2025-12-08,travel,video,view
u045,2025-12-08,study,text,view
u045,2025-12-08,tech,video,comment
u045,2025-12-08,food,text,like
u011,2025-12-08,travel,video,post
u011,2025-12-08,fitness,text,post
u011,2025-12-08,fitness,text,view
u011,2025-12-08,food,text,like
u063,2025-12-08,study,text,view
u049,2025-12-08,study,text,view
u049,2025-12-08,games,video,view
u049,2025-12-08,study,text,view
u067,2025-12-09,food,text,view
u030,2025-12-09,travel,video,view
u030,2025-12-09,tech,text,view
u030,2025-12-09,food,text,view
u030,2025-12-09,study,image,like
u030,2025-12-09,study,video,view
u030,2025-12-09,games,text,post
u030,2025-12-09,food,image,like
u030,2025-12-09,study,image,comment
u023,2025-12-09,games,video,view
u026,2025-12-09,games,text,view
u026,2025-12-09,games,text,view
u026,2025-12-09,study,text,view
u026,2025-12-09,food,image,view
u026,2025-12-09,games,text,post
u026,2025-12-09,fitness,text,like
u026,2025-12-09,tech,image,comment
u026,2025-12-09,tech,text,view
u011,2025-12-09,tech,text,comment
u011,2025-12-09,travel,text,view
u011,2025-12-09,food,text,view
u011,2025-12-09,fitness,text,view
u011,2025-12-09,fitness,text,view
u011,2025-12-09,tech,text,like
u012,2025-12-09,travel,image,comment
u064,2025-12-09,games,image,view
u036,2025-12-09,food,image,view
u036,2025-12-09,study,video,comment
u036,2025-12-09,travel,video,comment
u036,2025-12-09,study,text,view
u036,2025-12-09,food,text,like
u036,2025-12-09,tech,text,view
u078,2025-12-09,games,text,view
u078,2025-12-09,tech,text,view
u027,2025-12-09,travel,image,view
u027,2025-12-09,tech,text,comment
u027,2025-12-09,games,text,post
u018,2025-12-09,study,text,comment
u018,2025-12-09,games,image,view
u018,2025-12-09,study,text,view
u018,2025-12-09,games,text,view
u018,2025-12-09,tech,text,view
u025,2025-12-09,study,video,like
u040,2025-12-09,study,video,view
u040,2025-12-09,study,text,view
u077,2025-12-09,study,text,comment
u077,2025-12-09,games,image,view
u077,2025-12-09,travel,image,view
u077,2025-12-09,tech,text,like
u077,2025-12-09,food,text,view
u002,2025-12-09,travel,video,like
u002,2025-12-09,food,text,view
u002,2025-12-09,travel,video,view
u002,2025-12-09,food,text,view
u002,2025-12-09,food,image,post
u009,2025-12-09,fitness,text,view
u009,2025-12-09,fitness,image,like
u009,2025-12-09,food,text,like
u009,2025-12-09,travel,video,view
u009,2025-12-09,games,text,view
u009,2025-12-09,tech,image,post
u009,2025-12-09,food,image,view
u009,2025-12-09,fitness,image,view
u053,2025-12-09,study,text,comment
u053,2025-12-09,travel,text,comment
u053,2025-12-09,tech,video,like
u053,2025-12-09,games,text,view
u053,2025-12-09,study,text,like
u074,2025-12-10,travel,image,comment
u074,2025-12-10,games,video,like
u074,2025-12-10,study,video,view
u074,2025-12-10,fitness,video,post
u074,2025-12-10,games,text,comment
u020,2025-12-10,travel,text,like
u020,2025-12-10,food,text,view
u020,2025-12-10,study,video,post
u020,2025-12-10,travel,text,like
u020,2025-12-10,study,image,view
u054,2025-12-10,tech,text,comment
u054,2025-12-10,travel,text,view
u054,2025-12-10,study,video,view
u054,2025-12-10,fitness,video,view
u054,2025-12-10,travel,image,view
u054,2025-12-10,study,text,comment
u054,2025-12-10,games,text,view
u054,2025-12-10,games,video,view
u036,2025-12-10,food,image,view
u036,2025-12-10,study,video,comment
u036,2025-12-10,fitness,text,view
u015,2025-12-10,fitness,text,view
u015,2025-12-10,study,image,view
u015,2025-12-10,tech,image,view
u015,2025-12-10,travel,text,view
u049,2025-12-10,tech,image,view
u058,2025-12-10,games,image,view
u058,2025-12-10,fitness,text,like
u058,2025-12-10,study,text,like
u058,2025-12-10,study,text,like
u058,2025-12-10,fitness,text,view
u059,2025-12-10,study,image,view
u059,2025-12-10,games,text,view
u037,2025-12-10,study,text,comment
u037,2025-12-10,tech,text,comment
u037,2025-12-10,food,text,like
u037,2025-12-10,food,text,view
u037,2025-12-10,games,video,view
u037,2025-12-10,games,text,comment
u037,2025-12-10,travel,text,view
u037,2025-12-10,travel,image,view
u046,2025-12-10,study,text,view
u038,2025-12-10,study,video,view
u038,2025-12-10,travel,text,view
u038,2025-12-10,travel,video,like
u038,2025-12-10,tech,text,view
u071,2025-12-10,travel,video,view
u071,2025-12-10,fitness,text,view
u071,2025-12-10,travel,text,view
u071,2025-12-10,food,text,post
u051,2025-12-10,study,video,view
u051,2025-12-10,tech,text,view
u051,2025-12-10,food,image,view
u051,2025-12-10,travel,text,view
u051,2025-12-10,games,text,view
u051,2025-12-10,fitness,text,view
u050,2025-12-10,food,text,view
u050,2025-12-10,study,text,like
u050,2025-12-10,fitness,text,comment
u042,2025-12-10,travel,text,view
u042,2025-12-10,fitness,text,post
u042,2025-12-10,fitness,text,view
u042,2025-12-10,fitness,video,view
u042,2025-12-10,study,video,post
u042,2025-12-10,food,text,like
u001,2025-12-10,fitness,text,like
u001,2025-12-10,tech,text,like
u001,2025-12-10,food,image,view
u001,2025-12-10,games,image,like
u001,2025-12-10,food,text,like
u001,2025-12-10,tech,text,like
u001,2025-12-10,food,text,comment
u064,2025-12-10,food,video,view
u064,2025-12-10,fitness,text,like
u025,2025-12-10,food,text,view
u025,2025-12-10,food,text,like
u025,2025-12-10,travel,image,comment
u025,2025-12-10,fitness,video,comment
u025,2025-12-10,food,image,view
u029,2025-12-10,games,image,comment
u029,2025-12-10,fitness,video,like
u029,2025-12-10,tech,text,view
u029,2025-12-10,food,video,view
u029,2025-12-10,tech,image,like
u029,2025-12-10,study,text,view
u079,2025-12-10,fitness,text,like
u079,2025-12-10,food,image,view
u079,2025-12-10,study,video,comment
u079,2025-12-10,tech,text,like
u012,2025-12-10,study,text,like
u012,2025-12-10,tech,text,view
u012,2025-12-10,study,image,view
u012,2025-12-10,fitness,image,view
u012,2025-12-10,food,text,view
u012,2025-12-10,tech,video,comment
u012,2025-12-10,tech,text,view
u036,2025-12-11,fitness,video,view
u036,2025-12-11,study,text,like
u036,2025-12-11,fitness,text,post
u036,2025-12-11,fitness,image,view
u036,2025-12-11,tech,image,view
u068,2025-12-11,fitness,text,view
u068,2025-12-11,fitness,video,like
u068,2025-12-11,food,text,view
u068,2025-12-11,study,image,like
u068,2025-12-11,games,text,view
u068,2025-12-11,fitness,image,like
u068,2025-12-11,travel,video,view
u068,2025-12-11,fitness,text,view
u012,2025-12-11,travel,text,view
u012,2025-12-11,food,text,view
u012,2025-12-11,food,text,view
u012,2025-12-11,food,text,view
u012,2025-12-11,food,text,like
u045,2025-12-11,travel,video,view
u045,2025-12-11,games,image,like
u055,2025-12-11,study,text,post
u055,2025-12-11,travel,text,like
u055,2025-12-11,food,text,like
u055,2025-12-11,tech,text,comment
u055,2025-12-11,tech,image,like
u055,2025-12-11,fitness,text,view
u057,2025-12-11,travel,video,view
u044,2025-12-11,tech,text,view
u044,2025-12-11,tech,text,comment
u044,2025-12-11,food,image,like
u044,2025-12-11,fitness,image,view
u044,2025-12-11,fitness,text,view
u065,2025-12-11,food,text,comment
u065,2025-12-11,study,video,view
u065,2025-12-11,tech,text,comment
u065,2025-12-11,fitness,text,view
u065,2025-12-11,fitness,video,view
u065,2025-12-11,tech,text,like
u058,2025-12-11,travel,image,view
u058,2025-12-11,games,video,view
u058,2025-12-11,fitness,image,view
u058,2025-12-11,study,video,view
u066,2025-12-11,games,image,view
u066,2025-12-11,travel,video,view
u066,2025-12-11,games,image,view
u066,2025-12-11,tech,text,comment
u066,2025-12-11,travel,video,view
u066,2025-12-11,study,text,like
u066,2025-12-11,food,text,view
u007,2025-12-11,tech,video,post
u007,2025-12-11,study,image,post
u007,2025-12-11,games,image,comment
u007,2025-12-11,tech,text,view
u007,2025-12-11,food,text,like
u007,2025-12-11,food,video,like
u007,2025-12-11,tech,text,view
u027,2025-12-11,tech,text,view
u027,2025-12-11,tech,image,view
u027,2025-12-11,travel,text,like
u027,2025-12-11,travel,text,view
u076,2025-12-11,fitness,text,view
u076,2025-12-11,food,image,view
u071,2025-12-11,food,image,view
u071,2025-12-11,travel,text,view
u071,2025-12-11,games,image,like
u071,2025-12-11,study,text,comment
u017,2025-12-11,travel,text,like
u017,2025-12-11,study,image,view
u017,2025-12-11,games,image,like
u017,2025-12-11,study,text,post
u017,2025-12-11,travel,text,comment
u017,2025-12-11,fitness,image,post
u017,2025-12-11,fitness,text,like
u063,2025-12-11,games,text,view
u025,2025-12-11,fitness,text,like
u003,2025-12-11,travel,video,like
u003,2025-12-11,fitness,image,view
u022,2025-12-12,tech,text,comment
u047,2025-12-12,travel,text,view
u047,2025-12-12,travel,text,post
u047,2025-12-12,games,text,view
u047,2025-12-12,fitness,image,view
u047,2025-12-12,tech,image,view
u047,2025-12-12,study,video,comment
u044,2025-12-12,games,text,comment
u044,2025-12-12,travel,text,post
u044,2025-12-12,games,text,comment
u044,2025-12-12,tech,image,like
u044,2025-12-12,travel,video,view
u002,2025-12-12,study,text,view
u002,2025-12-12,study,text,view
u002,2025-12-12,study,image,comment
u002,2025-12-12,food,image,view
u002,2025-12-12,travel,text,view
u002,2025-12-12,games,text,view
u002,2025-12-12,fitness,text,view
u002,2025-12-12,study,text,view
u033,2025-12-12,fitness,text,like
u033,2025-12-12,study,video,view
u033,2025-12-12,study,text,view
u016,2025-12-12,games,video,post
u016,2025-12-12,games,video,comment
u016,2025-12-12,tech,image,like
u031,2025-12-12,food,image,view
u031,2025-12-12,fitness,image,view
u048,2025-12-12,food,image,post
u048,2025-12-12,tech,text,view
u048,2025-12-12,tech,text,comment
u048,2025-12-12,food,image,view
u048,2025-12-12,travel,text,comment
u066,2025-12-12,food,text,comment
u066,2025-12-12,tech,text,view
u066,2025-12-12,study,image,view
u066,2025-12-12,study,text,comment
u068,2025-12-12,food,image,like
u068,2025-12-12,food,text,like
u068,2025-12-12,games,image,view
u068,2025-12-12,food,video,view
u068,2025-12-12,tech,text,view
u046,2025-12-12,food,video,comment
u046,2025-12-12,food,text,view
u063,2025-12-12,fitness,image,like
u063,2025-12-12,travel,text,view
u063,2025-12-12,food,video,comment
u006,2025-12-12,tech,text,view
u006,2025-12-12,games,text,view
u070,2025-12-12,games,text,like
u070,2025-12-12,games,image,view
u070,2025-12-12,fitness,text,comment
u070,2025-12-12,games,image,comment
u070,2025-12-12,tech,video,view
u070,2025-12-12,travel,image,view
u013,2025-12-12,food,image,like
u013,2025-12-12,travel,text,post
u067,2025-12-12,games,video,comment
u067,2025-12-12,food,text,like
u067,2025-12-12,tech,video,like
u067,2025-12-12,games,text,view
u067,2025-12-12,games,text,view
u067,2025-12-12,food,text,view
u067,2025-12-12,study,text,like
u067,2025-12-12,study,text,post
u042,2025-12-12,travel,image,comment
u042,2025-12-12,food,image,like
u042,2025-12-12,tech,text,view
u042,2025-12-12,study,text,view
u042,2025-12-12,food,text,view
u052,2025-12-12,food,text,view
u052,2025-12-12,travel,image,like
u052,2025-12-12,games,image,view
u052,2025-12-12,study,text,view
u052,2025-12-12,fitness,text,like
u052,2025-12-12,tech,text,like
u052,2025-12-12,tech,video,view
u052,2025-12-12,study,text,like
u039,2025-12-12,travel,text,view
u039,2025-12-12,travel,text,comment
u039,2025-12-12,games,text,view
u039,2025-12-12,games,video,like
u008,2025-12-12,food,text,like
u008,2025-12-12,travel,video,like
u008,2025-12-12,tech,image,view
u008,2025-12-12,food,text,view
u008,2025-12-12,fitness,text,like
u008,2025-12-12,travel,image,view
u008,2025-12-12,travel,text,view
u062,2025-12-13,food,image,comment
u062,2025-12-13,fitness,video,comment
u062,2025-12-13,food,text,view
u062,2025-12-13,games,image,like
u062,2025-12-13,travel,text,view
u062,2025-12-13,tech,image,view
u062,2025-12-13,games,image,comment
u035,2025-12-13,tech,text,like
u035,2025-12-13,study,text,view
u035,2025-12-13,games,image,view
u035,2025-12-13,food,text,view
u018,2025-12-13,travel,video,view
u018,2025-12-13,games,text,view
u039,2025-12-13,study,text,like
u039,2025-12-13,food,video,view
u039,2025-12-13,games,text,post
u037,2025-12-13,fitness,image,comment
u037,2025-12-13,fitness,text,view
u037,2025-12-13,games,text,view
u037,2025-12-13,study,video,view
u012,2025-12-13,tech,text,view
u012,2025-12-13,food,text,view
u012,2025-12-13,tech,image,like
u012,2025-12-13,food,text,view
u012,2025-12-13,fitness,text,view
u043,2025-12-13,fitness,video,comment
u043,2025-12-13,fitness,image,like
u043,2025-12-13,food,image,comment
u043,2025-12-13,fitness,video,like
u043,2025-12-13,games,video,like
u043,2025-12-13,tech,text,like
u043,2025-12-13,food,image,like
u001,2025-12-13,food,text,view
u001,2025-12-13,travel,image,like
u001,2025-12-13,study,text,comment
u001,2025-12-13,travel,text,view
u001,2025-12-13,tech,video,like
u001,2025-12-13,games,text,view
u001,2025-12-13,study,image,view
u001,2025-12-13,games,image,comment
u063,2025-12-13,food,text,comment
u063,2025-12-13,tech,text,comment
u063,2025-12-13,study,text,like
u063,2025-12-13,study,text,view
u032,2025-12-13,food,text,view
u032,2025-12-13,tech,text,view
u032,2025-12-13,tech,video,like
u032,2025-12-13,travel,text,view
u021,2025-12-13,fitness,image,view
u021,2025-12-13,food,text,view
u021,2025-12-13,study,text,comment
u021,2025-12-13,food,text,like
u021,2025-12-13,tech,text,post
u021,2025-12-13,tech,image,like
u021,2025-12-13,fitness,text,like
u041,2025-12-13,study,image,view
u041,2025-12-13,study,text,like
u041,2025-12-13,games,image,view
u058,2025-12-13,games,image,like
u028,2025-12-13,food,video,like
u028,2025-12-13,food,video,view
u028,2025-12-13,tech,text,view
u028,2025-12-13,fitness,text,view
u028,2025-12-13,study,image,like
u007,2025-12-13,travel,text,like
u027,2025-12-13,travel,image,post
u027,2025-12-13,food,text,comment
u027,2025-12-13,fitness,video,comment
u027,2025-12-13,tech,image,view
u027,2025-12-13,fitness,text,view
u047,2025-12-13,travel,text,view
u047,2025-12-13,travel,video,view
u003,2025-12-13,study,text,view
u050,2025-12-13,travel,text,like
u050,2025-12-13,games,text,view
u050,2025-12-13,study,image,view
u050,2025-12-13,fitness,image,view
u050,2025-12-13,games,video,view
u050,2025-12-13,food,image,view
u050,2025-12-13,games,text,like
u050,2025-12-13,study,video,comment
u080,2025-12-13,fitness,image,view
u080,2025-12-13,tech,text,view
u056,2025-12-13,games,image,view
u056,2025-12-13,study,text,like
u056,2025-12-13,games,video,view
u056,2025-12-13,food,text,view
u056,2025-12-13,fitness,video,post
u056,2025-12-13,food,text,view
u029,2025-12-13,food,image,view
u029,2025-12-13,travel,image,view
u029,2025-12-13,fitness,video,view
u029,2025-12-13,study,text,comment
u029,2025-12-13,games,text,view
u029,2025-12-13,travel,image,like
u029,2025-12-13,fitness,text,like
u075,2025-12-13,tech,image,view
u075,2025-12-13,food,text,view
u075,2025-12-13,study,video,view
u075,2025-12-13,fitness,image,view
u075,2025-12-13,tech,text,view
u075,2025-12-13,study,text,post
u027,2025-12-14,games,text,like
u027,2025-12-14,food,image,like
u027,2025-12-14,travel,text,view
u027,2025-12-14,tech,text,view
u080,2025-12-14,food,image,comment
u080,2025-12-14,food,image,comment
u080,2025-12-14,food,video,like
u008,2025-12-14,fitness,text,view
u008,2025-12-14,fitness,text,like
u008,2025-12-14,travel,text,view
u008,2025-12-14,tech,text,view
u008,2025-12-14,travel,text,view
u008,2025-12-14,food,image,view
u024,2025-12-14,food,text,view
u024,2025-12-14,tech,video,comment
u056,2025-12-14,food,text,view
u056,2025-12-14,games,text,like
u016,2025-12-14,study,image,comment
u016,2025-12-14,fitness,text,like
u016,2025-12-14,fitness,image,view
u016,2025-12-14,study,image,view
u016,2025-12-14,food,text,post
u007,2025-12-14,games,text,like
u007,2025-12-14,travel,text,view
u007,2025-12-14,fitness,text,like
u018,2025-12-14,tech,image,comment
u018,2025-12-14,study,text,view
u018,2025-12-14,travel,text,view
u018,2025-12-14,study,image,view
u018,2025-12-14,tech,text,view
u010,2025-12-14,tech,image,view
u010,2025-12-14,fitness,image,view
u010,2025-12-14,games,video,view
u010,2025-12-14,travel,text,comment
u010,2025-12-14,games,video,view
u010,2025-12-14,travel,text,view
u064,2025-12-14,fitness,text,view
u064,2025-12-14,study,text,view
u077,2025-12-14,study,text,view
u077,2025-12-14,fitness,image,view
u077,2025-12-14,fitness,video,view
u077,2025-12-14,games,text,view
u002,2025-12-14,fitness,text,like
u002,2025-12-14,food,video,view
u002,2025-12-14,study,text,view
u002,2025-12-14,games,text,view
u022,2025-12-14,study,image,view
u022,2025-12-14,games,video,view
u022,2025-12-14,food,video,view
u022,2025-12-14,study,image,view
u071,2025-12-14,food,text,comment
u071,2025-12-14,study,video,like
u071,2025-12-14,travel,image,view
u029,2025-12-14,fitness,text,view
u038,2025-12-14,food,image,view
u038,2025-12-14,fitness,image,view
u038,2025-12-14,games,video,like
u028,2025-12-14,study,image,view
u028,2025-12-14,study,image,comment
u028,2025-12-14,tech,text,view
u028,2025-12-14,travel,text,view
u028,2025-12-14,food,image,like
u028,2025-12-14,travel,image,comment
u028,2025-12-14,fitness,text,like
u028,2025-12-14,food,video,like
u035,2025-12-14,tech,image,comment
u035,2025-12-14,tech,image,view
u035,2025-12-14,food,image,comment
u035,2025-12-14,tech,video,like
u035,2025-12-14,food,image,view
u035,2025-12-14,fitness,text,comment
u035,2025-12-14,fitness,video,view
u035,2025-12-14,tech,video,like
u054,2025-12-14,travel,image,view
u011,2025-12-14,travel,video,comment
u011,2025-12-14,tech,video,view
u011,2025-12-14,study,video,view
u011,2025-12-14,food,text,view
u011,2025-12-14,games,video,view
u011,2025-12-14,travel,text,comment
u072,2025-12-14,food,text,view
u072,2025-12-14,travel,video,view
u072,2025-12-14,food,text,like
u072,2025-12-14,fitness,image,post
u072,2025-12-14,tech,text,view
u050,2025-12-14,tech,image,view
u050,2025-12-14,fitness,text,view
u050,2025-12-14,fitness,text,view
u050,2025-12-14,study,video,view
u046,2025-12-14,food,video,view
u046,2025-12-14,study,text,view
u046,2025-12-14,fitness,text,comment
u046,2025-12-14,fitness,text,view
u046,2025-12-14,study,video,view
u046,2025-12-14,food,image,view
u046,2025-12-14,tech,video,post
u014,2025-12-14,food,image,view
u014,2025-12-14,study,text,view
u014,2025-12-14,food,text,view
u014,2025-12-14,tech,image,like
u014,2025-12-14,tech,text,comment
u014,2025-12-14,travel,text,like
u014,2025-12-14,games,video,post
u034,2025-12-14,travel,text,like
u034,2025-12-14,fitness,image,view
u074,2025-12-14,food,text,view
u074,2025-12-14,food,text,view
u074,2025-12-14,study,text,like
u074,2025-12-14,fitness,image,post
u074,2025-12-14,food,image,like
u074,2025-12-14,study,text,view
u074,2025-12-14,travel,image,view
u074,2025-12-14,tech,image,comment
u030,2025-12-14,tech,text,post
u030,2025-12-14,food,text,comment
u030,2025-12-14,games,image,like
u030,2025-12-14,fitness,text,view
u030,2025-12-14,games,text,comment
u030,2025-12-14,fitness,image,like
u030,2025-12-14,study,text,comment
u030,2025-12-14,food,video,view
u055,2025-12-14,travel,text,view
u055,2025-12-14,travel,text,view
u055,2025-12-14,food,text,like
u061,2025-12-15,games,text,comment
u061,2025-12-15,games,text,like
u061,2025-12-15,food,text,like
u061,2025-12-15,food,video,comment
u061,2025-12-15,study,text,comment
u035,2025-12-15,tech,text,comment
u035,2025-12-15,tech,text,view
u035,2025-12-15,tech,image,like
u035,2025-12-15,travel,video,like
u035,2025-12-15,food,text,like
u035,2025-12-15,food,text,view
u035,2025-12-15,fitness,text,view
u015,2025-12-15,food,text,like
u015,2025-12-15,games,video,view
u015,2025-12-15,games,video,view
u015,2025-12-15,study,text,like
u015,2025-12-15,tech,text,view
u015,2025-12-15,fitness,text,comment
u015,2025-12-15,fitness,text,like
u027,2025-12-15,tech,video,comment
u027,2025-12-15,travel,video,comment
u027,2025-12-15,tech,video,view
u027,2025-12-15,food,image,view
u027,2025-12-15,study,video,like
u058,2025-12-15,fitness,text,like
u058,2025-12-15,study,video,view
u058,2025-12-15,food,text,comment
u058,2025-12-15,games,video,view
u058,2025-12-15,games,text,view
u065,2025-12-15,study,text,view
u065,2025-12-15,study,image,view
u065,2025-12-15,study,video,view
u053,2025-12-15,food,image,view
u053,2025-12-15,food,text,view
u021,2025-12-15,fitness,text,view
u021,2025-12-15,study,text,post
u021,2025-12-15,fitness,text,view
u021,2025-12-15,travel,text,view
u041,2025-12-15,study,text,like
u041,2025-12-15,study,text,view
u041,2025-12-15,games,video,like
u041,2025-12-15,food,image,post
u041,2025-12-15,tech,text,view
u006,2025-12-15,tech,video,view
u006,2025-12-15,fitness,text,like
u006,2025-12-15,travel,text,view
u020,2025-12-15,study,text,view
u020,2025-12-15,tech,image,like
u020,2025-12-15,fitness,image,like
u020,2025-12-15,food,image,like
u036,2025-12-15,tech,image,comment
u080,2025-12-15,fitness,text,view
u074,2025-12-15,tech,text,like
u074,2025-12-15,food,text,like
u074,2025-12-15,fitness,image,view
u074,2025-12-15,games,video,view
u074,2025-12-15,games,text,view
u010,2025-12-15,travel,text,view
u010,2025-12-15,food,image,view
u010,2025-12-15,fitness,video,view
u069,2025-12-15,fitness,text,view
u069,2025-12-15,fitness,image,like
u069,2025-12-15,study,text,comment
u069,2025-12-15,travel,text,like
u069,2025-12-15,travel,text,comment
u051,2025-12-15,tech,image,view
u024,2025-12-15,games,text,view
u024,2025-12-15,study,text,view
u024,2025-12-15,food,text,view
u024,2025-12-15,travel,text,like
u024,2025-12-15,fitness,text,like
u024,2025-12-15,food,text,view
u024,2025-12-15,study,video,view
u046,2025-12-15,study,image,view
u046,2025-12-15,tech,video,like
u046,2025-12-15,study,image,like
u046,2025-12-15,travel,text,view
u059,2025-12-15,travel,image,like
u059,2025-12-15,fitness,text,view
u059,2025-12-15,travel,text,view
u059,2025-12-15,fitness,text,view
u026,2025-12-15,tech,image,like
u026,2025-12-15,fitness,video,view
u026,2025-12-15,games,text,view
u026,2025-12-15,fitness,image,comment
u072,2025-12-16,travel,video,view
u072,2025-12-16,games,image,view
u072,2025-12-16,study,image,comment
u072,2025-12-16,study,text,like
u072,2025-12-16,study,image,view
u072,2025-12-16,tech,text,view
u074,2025-12-16,study,video,view
u074,2025-12-16,games,image,view
u074,2025-12-16,tech,text,like
u074,2025-12-16,games,text,view
u053,2025-12-16,games,image,like
u053,2025-12-16,games,text,comment
u053,2025-12-16,food,image,view
u053,2025-12-16,study,image,view
u053,2025-12-16,fitness,text,view
u053,2025-12-16,games,image,view
u034,2025-12-16,travel,video,view
u034,2025-12-16,study,image,comment
u034,2025-12-16,tech,image,comment
u034,2025-12-16,games,video,view
u006,2025-12-16,fitness,video,like
u020,2025-12-16,games,text,comment
u020,2025-12-16,travel,text,comment
u020,2025-12-16,food,video,view
u020,2025-12-16,travel,text,view
u020,2025-12-16,tech,image,view
u020,2025-12-16,study,video,view
u020,2025-12-16,food,text,post
u060,2025-12-16,study,text,view
u060,2025-12-16,food,video,view
u060,2025-12-16,fitness,video,view
u060,2025-12-16,study,text,like
u003,2025-12-16,food,text,comment
u062,2025-12-16,study,text,view
u062,2025-12-16,fitness,text,view
u062,2025-12-16,study,text,like
u062,2025-12-16,study,image,comment
u062,2025-12-16,games,image,post
u062,2025-12-16,games,image,view
u014,2025-12-16,fitness,image,like
u014,2025-12-16,fitness,image,like
u014,2025-12-16,travel,text,like
u014,2025-12-16,games,text,view
u014,2025-12-16,tech,text,comment
u014,2025-12-16,tech,image,post
u014,2025-12-16,games,image,view
u013,2025-12-16,games,image,view
u013,2025-12-16,games,text,view
u013,2025-12-16,games,image,view
u013,2025-12-16,study,image,like
u013,2025-12-16,travel,text,view
u013,2025-12-16,food,text,view
u013,2025-12-16,fitness,text,like
u024,2025-12-16,travel,text,comment
u024,2025-12-16,games,text,comment
u019,2025-12-16,fitness,video,view
u019,2025-12-16,food,image,like
u019,2025-12-16,games,video,comment
u019,2025-12-16,tech,image,view
u021,2025-12-16,fitness,text,like
u021,2025-12-16,games,text,view
u021,2025-12-16,study,image,like
u021,2025-12-16,food,text,view
u021,2025-12-16,fitness,video,comment
u066,2025-12-16,tech,text,view
u066,2025-12-16,tech,text,view
u066,2025-12-16,study,image,view
u066,2025-12-16,fitness,text,comment
u066,2025-12-16,games,text,view
u066,2025-12-16,fitness,image,view
u031,2025-12-17,travel,text,view
u031,2025-12-17,fitness,text,view
u061,2025-12-17,games,text,view
u034,2025-12-17,food,image,view
u034,2025-12-17,fitness,text,view
u034,2025-12-17,study,video,view
u034,2025-12-17,travel,text,post
u034,2025-12-17,study,text,comment
u034,2025-12-17,study,video,view
u034,2025-12-17,games,text,view
u034,2025-12-17,travel,image,view
u001,2025-12-17,travel,image,view
u001,2025-12-17,food,image,view
u001,2025-12-17,games,image,view
u007,2025-12-17,fitness,text,view
u007,2025-12-17,study,video,like
u007,2025-12-17,tech,image,like
u007,2025-12-17,fitness,image,view
u007,2025-12-17,fitness,image,like
u007,2025-12-17,food,image,view
u007,2025-12-17,food,image,comment
u007,2025-12-17,tech,text,like
u013,2025-12-17,games,text,comment
u013,2025-12-17,food,text,comment
u013,2025-12-17,fitness,text,view
u013,2025-12-17,fitness,video,view
u013,2025-12-17,tech,text,view
u013,2025-12-17,travel,text,view
u013,2025-12-17,study,video,view
u013,2025-12-17,tech,video,like
u049,2025-12-17,travel,text,view
u049,2025-12-17,travel,text,post
u049,2025-12-17,food,text,post
u049,2025-12-17,travel,image,view
u048,2025-12-17,fitness,text,like
u080,2025-12-17,food,image,view
u037,2025-12-17,tech,text,like
u037,2025-12-17,study,text,view
u037,2025-12-17,fitness,video,post
u037,2025-12-17,fitness,image,post
u037,2025-12-17,games,text,comment
u037,2025-12-17,games,image,view
u037,2025-12-17,travel,text,view
u037,2025-12-17,fitness,video,like
u004,2025-12-17,tech,text,post
u004,2025-12-17,games,video,view
u004,2025-12-17,games,text,comment
u004,2025-12-17,fitness,text,post
u004,2025-12-17,food,video,view
u079,2025-12-17,travel,image,view
u079,2025-12-17,food,video,like
u057,2025-12-17,study,video,view
u057,2025-12-17,fitness,video,like
u057,2025-12-17,tech,text,post
u057,2025-12-17,study,text,view
u063,2025-12-17,games,image,like
u063,2025-12-17,tech,text,view
u015,2025-12-17,food,image,view
u066,2025-12-17,food,image,view
u066,2025-12-17,travel,text,view
u066,2025-12-17,study,text,post
u059,2025-12-17,fitness,text,comment
u059,2025-12-17,travel,image,like
u059,2025-12-17,fitness,video,like
u036,2025-12-17,games,text,comment
u036,2025-12-17,travel,image,view
u036,2025-12-17,travel,image,like
u036,2025-12-17,study,text,comment
u046,2025-12-17,travel,text,like
u046,2025-12-17,tech,text,comment
u046,2025-12-17,fitness,text,like
u046,2025-12-17,tech,image,view
u046,2025-12-17,tech,text,comment
u046,2025-12-17,study,video,view
u032,2025-12-17,food,image,view
u032,2025-12-17,games,image,view
u032,2025-12-17,study,text,comment
u032,2025-12-17,study,text,comment
u035,2025-12-18,food,text,view
u035,2025-12-18,food,text,like
u004,2025-12-18,food,text,view
u004,2025-12-18,tech,video,like
u009,2025-12-18,tech,text,like
u009,2025-12-18,fitness,text,view
u009,2025-12-18,study,video,comment
u001,2025-12-18,travel,text,comment
u001,2025-12-18,fitness,text,like
u001,2025-12-18,travel,text,view
u023,2025-12-18,tech,text,view
u023,2025-12-18,fitness,image,view
u023,2025-12-18,travel,image,comment
u011,2025-12-18,study,text,view
u011,2025-12-18,travel,text,comment
u011,2025-12-18,travel,text,view
u032,2025-12-18,games,text,like
u032,2025-12-18,study,text,view
u032,2025-12-18,tech,text,like
u032,2025-12-18,fitness,text,view
u032,2025-12-18,tech,video,view
u032,2025-12-18,games,text,view
u077,2025-12-18,tech,image,comment
u077,2025-12-18,food,text,like
u077,2025-12-18,food,text,view
u077,2025-12-18,games,text,like
u077,2025-12-18,fitness,text,view
u077,2025-12-18,fitness,text,comment
u076,2025-12-18,study,image,view
u076,2025-12-18,tech,image,comment
u076,2025-12-18,games,text,view
u076,2025-12-18,travel,text,view
u030,2025-12-18,tech,text,view
u030,2025-12-18,travel,video,view
u072,2025-12-18,food,text,like
u072,2025-12-18,tech,video,like
u072,2025-12-18,games,image,like
u072,2025-12-18,food,text,view
u072,2025-12-18,study,text,comment
u072,2025-12-18,study,text,view
u072,2025-12-18,tech,image,like
u034,2025-12-18,fitness,text,view
u034,2025-12-18,tech,text,view
u034,2025-12-18,tech,text,view
u034,2025-12-18,games,text,view
u034,2025-12-18,study,video,comment
u034,2025-12-18,fitness,text,view
u034,2025-12-18,tech,text,comment
u031,2025-12-18,travel,video,comment
u031,2025-12-18,food,video,view
u003,2025-12-18,fitness,image,view
u003,2025-12-18,travel,text,view
u003,2025-12-18,fitness,image,view
u003,2025-12-18,travel,text,comment
u003,2025-12-18,food,video,comment
u003,2025-12-18,study,text,view
u003,2025-12-18,fitness,video,post
u079,2025-12-18,tech,image,view
u079,2025-12-18,fitness,image,view
u079,2025-12-18,games,video,view
u079,2025-12-18,games,image,like
u079,2025-12-18,games,video,view
u079,2025-12-18,food,text,post
u015,2025-12-18,food,video,comment
u015,2025-12-18,study,text,view
u015,2025-12-18,games,video,view
u015,2025-12-18,tech,text,view
u015,2025-12-18,study,image,like
u015,2025-12-18,tech,video,view
u075,2025-12-18,food,text,like
u075,2025-12-18,travel,text,like
u075,2025-12-18,fitness,text,view
u060,2025-12-18,games,text,like
u060,2025-12-18,food,video,comment
u060,2025-12-18,tech,video,view
u060,2025-12-18,games,image,view
u060,2025-12-18,travel,video,comment
u060,2025-12-18,travel,image,view
u006,2025-12-18,food,text,like
u006,2025-12-18,food,video,view
u006,2025-12-18,games,text,comment
u006,2025-12-18,games,text,view
u013,2025-12-18,travel,image,view
u010,2025-12-18,travel,text,comment
u010,2025-12-18,study,text,like
u010,2025-12-18,tech,video,comment
u010,2025-12-18,food,image,like
u010,2025-12-18,study,video,view
u068,2025-12-18,travel,text,view
u068,2025-12-18,fitness,text,post
u022,2025-12-18,tech,image,view
u022,2025-12-18,study,text,view
u022,2025-12-18,travel,text,like
u022,2025-12-18,games,text,view
u022,2025-12-18,study,image,view
u022,2025-12-18,fitness,image,view
u029,2025-12-19,fitness,image,like
u047,2025-12-19,study,video,post
u047,2025-12-19,games,video,view
u047,2025-12-19,games,video,like
u047,2025-12-19,games,text,view
u047,2025-12-19,study,video,view
u047,2025-12-19,tech,video,like
u047,2025-12-19,fitness,image,view
u056,2025-12-19,travel,video,view
u056,2025-12-19,study,image,view
u056,2025-12-19,fitness,text,like
u021,2025-12-19,games,video,view
u021,2025-12-19,fitness,image,comment
u021,2025-12-19,food,text,view
u021,2025-12-19,fitness,image,comment
u021,2025-12-19,fitness,video,comment
u021,2025-12-19,games,image,like
u021,2025-12-19,tech,text,like
u021,2025-12-19,travel,video,comment
u049,2025-12-19,games,text,view
u010,2025-12-19,study,image,comment
u010,2025-12-19,travel,text,view
u054,2025-12-19,food,text,post
u054,2025-12-19,fitness,text,like
u054,2025-12-19,food,image,comment
u054,2025-12-19,fitness,image,view
u026,2025-12-19,fitness,image,view
u026,2025-12-19,food,text,view
u026,2025-12-19,travel,image,view
u026,2025-12-19,travel,video,like
u026,2025-12-19,fitness,text,view
u026,2025-12-19,study,text,view
u026,2025-12-19,tech,text,view
u026,2025-12-19,games,text,view
u042,2025-12-19,tech,image,view
u042,2025-12-19,fitness,text,view
u042,2025-12-19,study,text,comment
u042,2025-12-19,tech,text,comment
u042,2025-12-19,tech,video,view
u042,2025-12-19,travel,image,view
u042,2025-12-19,tech,image,view
u039,2025-12-19,fitness,image,comment
u043,2025-12-19,study,image,like
u043,2025-12-19,fitness,text,view
u043,2025-12-19,fitness,text,view
u043,2025-12-19,games,image,view
u043,2025-12-19,travel,text,comment
u043,2025-12-19,games,text,view
u043,2025-12-19,food,image,view
u066,2025-12-19,food,text,view
u066,2025-12-19,food,text,like
u066,2025-12-19,games,text,comment
u066,2025-12-19,study,text,comment
u066,2025-12-19,food,video,comment
u066,2025-12-19,tech,text,view
u066,2025-12-19,fitness,text,view
u066,2025-12-19,fitness,text,comment
u024,2025-12-19,food,text,view
u024,2025-12-19,games,video,post
u024,2025-12-19,games,image,like
u024,2025-12-19,fitness,text,view
u063,2025-12-19,travel,text,comment
u063,2025-12-19,tech,image,like
u063,2025-12-19,food,text,like
u063,2025-12-19,games,text,view
u063,2025-12-19,tech,image,view
u063,2025-12-19,fitness,text,view
u063,2025-12-19,food,image,view
u063,2025-12-19,food,text,post
u065,2025-12-19,travel,text,view
u065,2025-12-19,games,video,view
u065,2025-12-19,fitness,text,like
u065,2025-12-19,food,image,comment
u065,2025-12-19,travel,text,like
u065,2025-12-19,games,image,like
u065,2025-12-19,study,text,view
u003,2025-12-20,travel,video,view
u003,2025-12-20,study,text,comment
u003,2025-12-20,fitness,text,comment
u003,2025-12-20,tech,image,comment
u003,2025-12-20,study,image,comment
u003,2025-12-20,study,text,view
u003,2025-12-20,fitness,image,like
u077,2025-12-20,games,text,post
u077,2025-12-20,games,text,comment
u077,2025-12-20,study,text,like
u077,2025-12-20,study,text,view
u077,2025-12-20,games,image,comment
u077,2025-12-20,travel,text,view
u077,2025-12-20,travel,text,view
u077,2025-12-20,food,text,like
u044,2025-12-20,games,text,like
u044,2025-12-20,food,text,comment
u044,2025-12-20,food,image,like
u044,2025-12-20,study,video,view
u044,2025-12-20,travel,image,post
u044,2025-12-20,tech,image,like
u044,2025-12-20,food,text,view
u044,2025-12-20,travel,video,post
u051,2025-12-20,fitness,video,like
u066,2025-12-20,study,image,view
u066,2025-12-20,food,image,comment
u066,2025-12-20,fitness,text,view
u066,2025-12-20,travel,text,view
u066,2025-12-20,games,text,view
u019,2025-12-20,games,image,comment
u019,2025-12-20,study,text,view
u019,2025-12-20,games,image,view
u019,2025-12-20,food,text,comment
u019,2025-12-20,fitness,text,view
u019,2025-12-20,food,text,like
u019,2025-12-20,fitness,video,view
u019,2025-12-20,games,image,like
u007,2025-12-20,travel,video,view
u007,2025-12-20,tech,text,comment
u007,2025-12-20,tech,text,view
u007,2025-12-20,fitness,video,comment
u007,2025-12-20,tech,text,view
u007,2025-12-20,fitness,video,view
u007,2025-12-20,travel,text,comment
u007,2025-12-20,food,text,view
u072,2025-12-20,study,text,like
u072,2025-12-20,games,text,view
u072,2025-12-20,fitness,text,post
u072,2025-12-20,food,text,view
u072,2025-12-20,food,image,view
u072,2025-12-20,travel,text,view
u072,2025-12-20,tech,text,view
u072,2025-12-20,tech,image,like
u067,2025-12-20,tech,text,comment
u067,2025-12-20,tech,image,post
u067,2025-12-20,study,text,view
u067,2025-12-20,tech,text,view
u067,2025-12-20,games,text,post
u067,2025-12-20,games,text,view
u067,2025-12-20,games,image,view
u067,2025-12-20,games,image,view
u075,2025-12-20,tech,image,post
u075,2025-12-20,food,text,like
u064,2025-12-20,food,text,view
u064,2025-12-20,games,text,like
u064,2025-12-20,tech,image,view
u064,2025-12-20,games,image,comment
u064,2025-12-20,fitness,text,post
u064,2025-12-20,food,image,comment
u064,2025-12-20,food,image,like
u023,2025-12-20,tech,text,view
u023,2025-12-20,tech,video,like
u023,2025-12-20,tech,video,view
u023,2025-12-20,travel,text,view
u023,2025-12-20,games,video,like
u023,2025-12-20,study,text,post
u023,2025-12-20,food,image,view
u050,2025-12-20,food,text,view
u050,2025-12-20,fitness,text,view
u050,2025-12-20,games,text,view
u021,2025-12-20,travel,text,like
u021,2025-12-20,tech,text,like
u001,2025-12-20,games,text,view
u001,2025-12-20,fitness,image,comment
u001,2025-12-20,study,text,comment
u001,2025-12-20,games,text,view
u001,2025-12-20,games,text,like
u001,2025-12-20,games,image,view
u001,2025-12-20,games,text,view
u065,2025-12-20,food,image,like
u065,2025-12-20,food,text,view
u065,2025-12-20,travel,text,like
u065,2025-12-20,food,text,view
u065,2025-12-20,games,image,comment
u065,2025-12-20,fitness,image,view
u076,2025-12-20,tech,image,view
u076,2025-12-20,tech,image,view
u076,2025-12-20,games,text,view
u076,2025-12-20,tech,image,view
u076,2025-12-20,travel,text,view
u076,2025-12-20,travel,text,like
u076,2025-12-20,fitness,video,view
u076,2025-12-20,fitness,image,view
u055,2025-12-20,games,text,view
u055,2025-12-20,food,text,view
u052,2025-12-20,food,text,like
u052,2025-12-20,tech,video,view
u052,2025-12-20,games,text,view
u052,2025-12-20,food,video,view
u052,2025-12-20,study,image,view
u024,2025-12-20,tech,video,view
u024,2025-12-20,travel,text,like
u024,2025-12-20,travel,text,comment
u024,2025-12-20,travel,text,view
u024,2025-12-20,tech,text,like
u027,2025-12-20,games,text,like
u046,2025-12-20,fitness,image,view
u046,2025-12-20,food,text,like
u046,2025-12-20,travel,image,comment
u046,2025-12-20,travel,text,view
u046,2025-12-20,games,text,view
u046,2025-12-20,fitness,image,view
u043,2025-12-20,food,image,like
u043,2025-12-20,travel,text,view
u043,2025-12-20,fitness,text,view
u013,2025-12-20,food,video,view
u013,2025-12-20,tech,image,view
u013,2025-12-20,study,text,comment
u013,2025-12-20,study,text,post
u013,2025-12-20,fitness,text,view
u013,2025-12-20,food,text,view
u037,2025-12-20,tech,text,like
u037,2025-12-20,travel,text,view
u037,2025-12-20,games,text,like
u037,2025-12-20,tech,image,view
u025,2025-12-20,fitness,image,view
u025,2025-12-20,study,text,comment
u025,2025-12-20,travel,video,view
u025,2025-12-20,food,text,view
u025,2025-12-20,fitness,image,like
u025,2025-12-20,tech,text,comment
u047,2025-12-20,food,image,view
u047,2025-12-20,fitness,video,view
u047,2025-12-20,tech,image,view
u047,2025-12-20,tech,text,like
u047,2025-12-20,food,text,view
u047,2025-12-20,study,text,view
u058,2025-12-20,fitness,text,comment
u058,2025-12-20,tech,image,view
u058,2025-12-20,travel,text,like
u058,2025-12-20,travel,text,view
u058,2025-12-20,food,video,view
u037,2025-12-21,food,video,post
u037,2025-12-21,fitness,text,view
u037,2025-12-21,food,text,view
u037,2025-12-21,fitness,image,view
u037,2025-12-21,fitness,text,like
u037,2025-12-21,study,image,like
u037,2025-12-21,fitness,image,view
u054,2025-12-21,study,image,view
u054,2025-12-21,games,text,comment
u054,2025-12-21,tech,video,view
u054,2025-12-21,travel,text,view
u020,2025-12-21,travel,video,view
u020,2025-12-21,fitness,text,view
u020,2025-12-21,fitness,image,post
u020,2025-12-21,food,image,view
u041,2025-12-21,study,image,like
u041,2025-12-21,food,text,comment
u041,2025-12-21,travel,video,like
u041,2025-12-21,travel,text,view
u041,2025-12-21,fitness,image,like
u041,2025-12-21,study,video,comment
u041,2025-12-21,games,video,view
u078,2025-12-21,games,text,comment
u078,2025-12-21,tech,text,comment
u078,2025-12-21,games,text,view
u078,2025-12-21,travel,text,view
u078,2025-12-21,tech,text,view
u078,2025-12-21,tech,text,view
u078,2025-12-21,travel,text,view
u078,2025-12-21,study,text,view
u024,2025-12-21,food,image,view
u024,2025-12-21,food,text,like
u024,2025-12-21,tech,text,view
u024,2025-12-21,tech,video,view
u024,2025-12-21,fitness,text,like
u024,2025-12-21,food,text,comment
u024,2025-12-21,food,text,view
u021,2025-12-21,tech,text,view
u046,2025-12-21,food,text,view
u046,2025-12-21,travel,text,like
u046,2025-12-21,tech,text,comment
u046,2025-12-21,food,image,view
u046,2025-12-21,travel,text,like
u046,2025-12-21,study,text,comment
u046,2025-12-21,tech,text,like
u046,2025-12-21,study,text,comment
u036,2025-12-21,food,text,like
u036,2025-12-21,tech,text,view
u036,2025-12-21,fitness,text,like
u008,2025-12-21,study,video,like
u008,2025-12-21,study,video,like
u008,2025-12-21,tech,video,like
u008,2025-12-21,food,text,like
u008,2025-12-21,fitness,video,view
u032,2025-12-21,study,text,view
u032,2025-12-21,study,image,comment
u043,2025-12-21,games,text,comment
u043,2025-12-21,study,text,comment
u043,2025-12-21,fitness,text,like
u043,2025-12-21,tech,text,comment
u043,2025-12-21,fitness,text,view
u005,2025-12-21,fitness,text,like
u005,2025-12-21,games,text,view
u005,2025-12-21,games,text,like
u005,2025-12-21,food,text,view
u005,2025-12-21,games,video,like
u005,2025-12-21,travel,image,post
u023,2025-12-21,games,video,like
u023,2025-12-21,fitness,text,like
u023,2025-12-21,tech,image,comment
u023,2025-12-21,fitness,text,like
u023,2025-12-21,travel,image,view
u007,2025-12-21,fitness,text,comment
u007,2025-12-21,study,text,like
u007,2025-12-21,travel,text,like
u007,2025-12-21,travel,video,view
u007,2025-12-21,study,text,view
u007,2025-12-21,study,image,view
u007,2025-12-21,tech,text,like
u007,2025-12-21,food,text,view
u055,2025-12-21,fitness,text,view
u055,2025-12-21,study,text,view
u055,2025-12-21,tech,image,comment
u055,2025-12-21,games,text,view
u055,2025-12-21,games,text,view
u055,2025-12-21,study,video,view
u055,2025-12-21,games,video,view
u065,2025-12-21,fitness,image,view
u065,2025-12-21,tech,video,like
u065,2025-12-21,fitness,text,like
u065,2025-12-21,tech,text,comment
u065,2025-12-21,tech,image,view
u013,2025-12-21,games,text,view
u013,2025-12-21,fitness,text,view
u013,2025-12-21,travel,text,like
u013,2025-12-21,fitness,image,view
u013,2025-12-21,fitness,text,comment
u013,2025-12-21,travel,image,view
u013,2025-12-21,games,text,view
u010,2025-12-21,tech,image,view
u010,2025-12-21,fitness,video,view
u010,2025-12-21,tech,image,post
u010,2025-12-21,study,text,view
u050,2025-12-21,travel,video,view
u050,2025-12-21,fitness,image,post
u050,2025-12-21,study,video,view
u050,2025-12-21,games,video,comment
u050,2025-12-21,games,text,comment
u050,2025-12-21,food,text,view
u051,2025-12-21,fitness,text,view
u051,2025-12-21,travel,text,view
u075,2025-12-21,tech,text,like
u075,2025-12-21,games,text,like
u075,2025-12-21,travel,image,like
u075,2025-12-21,fitness,text,like
u033,2025-12-21,travel,text,view
u071,2025-12-21,travel,text,view
u071,2025-12-21,study,image,comment
u071,2025-12-21,study,image,like
u071,2025-12-21,travel,text,comment
u071,2025-12-21,travel,text,comment
u071,2025-12-21,fitness,text,view
u071,2025-12-21,fitness,video,like
u057,2025-12-21,food,video,view
u057,2025-12-21,games,text,view
u018,2025-12-21,fitness,text,like
u018,2025-12-21,food,text,view
u018,2025-12-21,fitness,text,like
u018,2025-12-21,games,image,view
u018,2025-12-21,travel,image,view
u018,2025-12-21,fitness,text,view
u018,2025-12-21,tech,text,view
u018,2025-12-21,food,text,view
u029,2025-12-21,tech,image,view
u029,2025-12-21,food,text,post
u029,2025-12-21,food,image,like
u058,2025-12-21,tech,text,like
u058,2025-12-21,study,text,view
u058,2025-12-21,travel,text,view
u058,2025-12-21,fitness,text,view
u058,2025-12-21,travel,image,view
u058,2025-12-21,travel,text,comment
u058,2025-12-21,games,image,like
